"","x"
"1","BR007.D0E1YACXX.4.250048298"
"2","BR012.D0E1YACXX.4.250048299"
"3","BTx623.D0D0HACXX.5.250045895"
"4","Brandes.D0TFTACXX.5.250074199"
"5","CMS225.D0E1YACXX.4.250048302"
"6","IS1004.D0D0HACXX.5.250046281"
"7","IS10068.C1AB3ACXX.7.250137465"
"8","IS10189.C1AB3ACXX.7.250137466"
"9","IS10191.C1AB3ACXX.7.250138387"
"10","IS10234.628NVAAXX.5.250006969"
"11","IS10302.D0D0HACXX.5.250046333"
"12","IS1033.C1AB3ACXX.7.250137245"
"13","IS1036.C1AB3ACXX.7.250137246"
"14","IS1041.D0D0HACXX.5.250046282"
"15","IS1052.C1AB3ACXX.7.250137247"
"16","IS10757.D0D0HACXX.5.250046334"
"17","IS10801.628P7AAXX.7.250007025"
"18","IS10867.D0D0HACXX.5.250046335"
"19","IS10876.628P7AAXX.7.250007049"
"20","IS10882.628P7AAXX.7.250007073"
"21","IS10969.D0D0HACXX.5.250046336"
"22","IS11026.628P7AAXX.7.250007097"
"23","IS1106.C1AB3ACXX.7.250137248"
"24","IS1107.C1AB3ACXX.7.250137249"
"25","IS11119.628NVAAXX.5.250006899"
"26","IS1127.70MUKAAXX.1.250006394"
"27","IS11374.70MUKAAXX.2.250006018"
"28","IS11424.C1AB3ACXX.7.250138388"
"29","IS11431.C1AB3ACXX.7.250138389"
"30","IS11473.D0D0HACXX.5.250046338"
"31","IS1151.C1AB3ACXX.7.250137250"
"32","IS11619.D0D0HACXX.5.250046339"
"33","IS11758.B064FABXX.1.250009960"
"34","IS1182.C1AB3ACXX.7.250137251"
"35","IS1186.C1AB3ACXX.7.250137252"
"36","IS1187.C1AB3ACXX.7.250137253"
"37","IS11919.D0D0HACXX.5.250046340"
"38","IS11954.MRG.4.250047668"
"39","IS11960.D0D0HACXX.5.250046081"
"40","IS12031.C1AB3ACXX.7.250138390"
"41","IS12106.C1AB3ACXX.7.250138391"
"42","IS12110.70MUKAAXX.2.250006030"
"43","IS1212.D0D0HACXX.5.250045902"
"44","IS12169.628NVAAXX.5.250006923"
"45","IS1219.D0D0HACXX.5.250046284"
"46","IS12302.D0D0HACXX.5.250046341"
"47","IS1233.D0D0HACXX.5.250046285"
"48","IS1236.C1AB3ACXX.7.250137254"
"49","IS1240.C1AB3ACXX.7.250137255"
"50","IS1243.C1AB3ACXX.7.250137256"
"51","IS12447.628NVAAXX.5.250006947"
"52","IS1246.C1AB3ACXX.7.250137257"
"53","IS12531.628NVAAXX.5.250006971"
"54","IS1257.C1AB3ACXX.7.250137258"
"55","IS12584.C1AB3ACXX.7.250138392"
"56","IS12606.C1AB3ACXX.7.250138394"
"57","IS12706.D0D0HACXX.5.250046345"
"58","IS12734.C1AB3ACXX.7.250138395"
"59","IS12735.D0D0HACXX.5.250046346"
"60","IS12740.C1AB3ACXX.7.250138396"
"61","IS12779.C1AB3ACXX.7.250138397"
"62","IS12782.C1AB3ACXX.7.250138398"
"63","IS12789.C1AB3ACXX.7.250138399"
"64","IS12793.C1AB3ACXX.7.250138400"
"65","IS12796.C1AB3ACXX.7.250138401"
"66","IS12801.C1AB3ACXX.7.250138402"
"67","IS12804.628P7AAXX.7.250007027"
"68","IS12805.C1AB3ACXX.7.250138403"
"69","IS12808.C1AB3ACXX.7.250138404"
"70","IS12810.C1AB3ACXX.7.250138405"
"71","IS12811.C1AB3ACXX.7.250138406"
"72","IS12813.C1AB3ACXX.7.250138407"
"73","IS12815.C1AB3ACXX.7.250138408"
"74","IS12817.C1AB3ACXX.7.250138409"
"75","IS12818.C1AB3ACXX.7.250138410"
"76","IS12819.C1AB3ACXX.7.250138411"
"77","IS12821.C1AB3ACXX.7.250138412"
"78","IS12822.C1AB3ACXX.7.250138413"
"79","IS12883.D0D0HACXX.5.250046348"
"80","IS12931.628P7AAXX.7.250007051"
"81","IS12937.D0D0HACXX.5.250046349"
"82","IS12945.D0D0HACXX.5.250046350"
"83","IS12953.C1AB3ACXX.7.250138414"
"84","IS12965.D0D0HACXX.5.250046351"
"85","IS13148.C1AB3ACXX.7.250138415"
"86","IS13155.C1AB3ACXX.7.250138416"
"87","IS13263.C1AB3ACXX.7.250138417"
"88","IS13264.D0D0HACXX.5.250046082"
"89","IS13294.D0D0HACXX.5.250046352"
"90","IS13452.628P7AAXX.7.250007075"
"91","IS13512.C1AB3ACXX.7.250138418"
"92","IS13515.C1AB3ACXX.7.250138419"
"93","IS13549.D0D0HACXX.5.250046353"
"94","IS1360.C1AB3ACXX.7.250137259"
"95","IS1371.C1AB3ACXX.7.250137260"
"96","IS13782.D0D0HACXX.5.250046354"
"97","IS13791.628P7AAXX.7.250007099"
"98","IS13827.70MUKAAXX.2.250006050"
"99","IS13845.628NVAAXX.5.250006901"
"100","IS13893.D0D0HACXX.5.250046355"
"101","IS13919.D0D0HACXX.5.250046356"
"102","IS13926.628NVAAXX.5.250006925"
"103","IS13971.D0D0HACXX.5.250046357"
"104","IS1398.628NVAAXX.5.250006961"
"105","IS13989.628NVAAXX.5.250006949"
"106","IS1401.C1AB3ACXX.7.250137261"
"107","IS14010.D0D0HACXX.5.250046358"
"108","IS14090.D0D0HACXX.5.250046359"
"109","IS14133.C1AB3ACXX.7.250138420"
"110","IS1416.C1AB3ACXX.7.250137262"
"111","IS1425.C1AB3ACXX.7.250137263"
"112","IS14290.D0D0HACXX.5.250046360"
"113","IS14317.628NVAAXX.5.250006973"
"114","IS14331.628P7AAXX.7.250007029"
"115","IS14351.628P7AAXX.7.250007053"
"116","IS14414.628P7AAXX.7.250007077"
"117","IS14444.C1AB3ACXX.7.250138421"
"118","IS14446.70MUKAAXX.2.250006019"
"119","IS14449.70MUKAAXX.2.250006046"
"120","IS14478.70MUKAAXX.2.250006051"
"121","IS14556.70MUKAAXX.2.250006075"
"122","IS14567.MRG.4.250047680"
"123","IS1464.C1AB3ACXX.7.250137264"
"124","IS1469.C1AB3ACXX.7.250137265"
"125","IS14719.MRG.4.250047681"
"126","IS1472.C1AB3ACXX.7.250137266"
"127","IS14724.C1AB3ACXX.7.250138424"
"128","IS14735.70MUKAAXX.2.250006039"
"129","IS1477.C1AB3ACXX.7.250137267"
"130","IS14779.D0D0HACXX.5.250046361"
"131","IS14861.D0D0HACXX.5.250046362"
"132","IS15170.D0D0HACXX.5.250046363"
"133","IS1520.C1AB3ACXX.7.250137268"
"134","IS1523.C1AB3ACXX.7.250137269"
"135","IS1540.C1AB3ACXX.7.250137270"
"136","IS15443.628P7AAXX.7.250007101"
"137","IS15466.70MUKAAXX.2.250006052"
"138","IS15478.70MUKAAXX.2.250006064"
"139","IS15744.D0D0HACXX.5.250046366"
"140","IS15752.628NVAAXX.5.250006903"
"141","IS15931.D0D0HACXX.5.250046367"
"142","IS15945.D0D0HACXX.5.250046368"
"143","IS16044.628NVAAXX.5.250006927"
"144","IS16125.628NVAAXX.5.250006951"
"145","IS16151.D0D0HACXX.5.250046369"
"146","IS16173.628NVAAXX.5.250006975"
"147","IS16186.628P7AAXX.7.250007031"
"148","IS16382.D0D0HACXX.5.250046370"
"149","IS16396.628P7AAXX.7.250007055"
"150","IS16528.D0D0HACXX.5.250046371"
"151","IS16545.628P7AAXX.7.250007079"
"152","IS17149.C1AB3ACXX.7.250138425"
"153","IS17185.C1AB3ACXX.7.250138426"
"154","IS17195.C1AB3ACXX.7.250138427"
"155","IS17196.C1AB3ACXX.7.250138428"
"156","IS17669.C1AB3ACXX.7.250138429"
"157","IS17671.C1AB3ACXX.7.250138430"
"158","IS17749.C1AB3ACXX.7.250138431"
"159","IS17752.C1AB3ACXX.7.250138432"
"160","IS17766.C1AB3ACXX.7.250138433"
"161","IS17815.C1AB3ACXX.7.250138434"
"162","IS17819.C1AB3ACXX.7.250138435"
"163","IS17857.C1AB3ACXX.7.250138436"
"164","IS17864.C1AB3ACXX.7.250138437"
"165","IS17872.C1AB3ACXX.7.250138438"
"166","IS17885.C1AB3ACXX.7.250138439"
"167","IS17891.C1AB3ACXX.7.250138440"
"168","IS17896.C1AB3ACXX.7.250138441"
"169","IS17905.C1AB3ACXX.7.250138442"
"170","IS17909.C1AB3ACXX.7.250138443"
"171","IS17912.C1AB3ACXX.7.250138444"
"172","IS17917.C1AB3ACXX.7.250138445"
"173","IS17919.C1AB3ACXX.7.250138446"
"174","IS17920.C1AB3ACXX.7.250138447"
"175","IS17921.C1AB3ACXX.7.250138448"
"176","IS17922.C1AB3ACXX.7.250138449"
"177","IS17925.C1AB3ACXX.7.250138450"
"178","IS17926.C1AB3ACXX.7.250138451"
"179","IS17929.C1AB3ACXX.7.250138452"
"180","IS17930.C1AB3ACXX.7.250138453"
"181","IS17933.C1AB3ACXX.7.250138454"
"182","IS17937.C1AB3ACXX.7.250138455"
"183","IS17941.MRG.4.250047478"
"184","IS17942.C1AB3ACXX.7.250138456"
"185","IS17958.C1AB3ACXX.7.250138457"
"186","IS17980.MRG.4.250047479"
"187","IS18039.MRG.4.250047480"
"188","IS18234.C1AB3ACXX.7.250138458"
"189","IS18235.C1AB3ACXX.7.250138459"
"190","IS18236.C1AB3ACXX.7.250138460"
"191","IS18238.C1AB3ACXX.7.250138461"
"192","IS18295.C1AB3ACXX.7.250138462"
"193","IS18303.C1AB3ACXX.7.250138463"
"194","IS19016.70MUKAAXX.2.250006066"
"195","IS19026.628P7AAXX.7.250007103"
"196","IS19041.70MUKAAXX.2.250006078"
"197","IS19126.D0D0HACXX.5.250046083"
"198","IS19132.628NVAAXX.5.250006905"
"199","IS19153.MRG.4.250047481"
"200","IS19262.D0D0HACXX.5.250046084"
"201","IS19389.MRG.4.250047483"
"202","IS19445.MRG.4.250047484"
"203","IS19450.MRG.4.250047485"
"204","IS19455.628NVAAXX.5.250006929"
"205","IS19466.628NVAAXX.5.250006953"
"206","IS19477.C1AB3ACXX.7.250138465"
"207","IS19485.C1AB3ACXX.7.250138466"
"208","IS19494.C1AB3ACXX.7.250138467"
"209","IS19507.C1AB3ACXX.7.250138468"
"210","IS19513.C1AB3ACXX.7.250138469"
"211","IS19520.C1AB3ACXX.7.250138470"
"212","IS19676.MRG.4.250047486"
"213","IS19677.C1AB3ACXX.7.250138471"
"214","IS19680.C1AB3ACXX.7.250138472"
"215","IS19685.628NVAAXX.5.250006977"
"216","IS19698.C1AB3ACXX.7.250138473"
"217","IS19700.C1AB3ACXX.7.250138474"
"218","IS19706.C1AB3ACXX.7.250138475"
"219","IS19732.C1AB3ACXX.7.250138476"
"220","IS19758.C1AB3ACXX.7.250138477"
"221","IS19804.C1AB3ACXX.7.250138478"
"222","IS19847.70MUKAAXX.2.250006012"
"223","IS19859.MRG.4.250047487"
"224","IS19946.C1AB3ACXX.7.250138479"
"225","IS19950.C1AB3ACXX.7.250138480"
"226","IS19953.628P7AAXX.7.250007033"
"227","IS19956.C1AB3ACXX.7.250138481"
"228","IS19962.C1AB3ACXX.7.250138482"
"229","IS19975.MRG.4.250047488"
"230","IS19978.C1AB3ACXX.7.250137625"
"231","IS19982.C1AB3ACXX.7.250137626"
"232","IS19988.C1AB3ACXX.7.250137627"
"233","IS19991.C1AB3ACXX.7.250137628"
"234","IS19998.C1AB3ACXX.7.250137629"
"235","IS20004.C1AB3ACXX.7.250137630"
"236","IS20016.628P7AAXX.7.250007057"
"237","IS20024.C1AB3ACXX.7.250137631"
"238","IS20027.C1AB3ACXX.7.250137632"
"239","IS20028.C1AB3ACXX.7.250137633"
"240","IS20049.C1AB3ACXX.7.250137634"
"241","IS20064.628P7AAXX.7.250007081"
"242","IS20073.C1AB3ACXX.7.250137635"
"243","IS20087.C1AB3ACXX.7.250137636"
"244","IS20097.628P7AAXX.7.250007105"
"245","IS20105.C1AB3ACXX.7.250137637"
"246","IS20116.C1AB3ACXX.7.250137638"
"247","IS20125.C1AB3ACXX.7.250137639"
"248","IS20146.C1AB3ACXX.7.250137640"
"249","IS20158.C1AB3ACXX.7.250137641"
"250","IS20164.C1AB3ACXX.7.250137642"
"251","IS20166.C1AB3ACXX.7.250137643"
"252","IS20173.C1AB3ACXX.7.250137644"
"253","IS20187.C1AB3ACXX.7.250137645"
"254","IS20195.MRG.4.250047489"
"255","IS20216.C1AB3ACXX.7.250137646"
"256","IS20230.C1AB3ACXX.7.250137648"
"257","IS20234.C1AB3ACXX.7.250137649"
"258","IS20243.C1AB3ACXX.7.250137650"
"259","IS20250.C1AB3ACXX.7.250137651"
"260","IS20261.C1AB3ACXX.7.250137652"
"261","IS20298.MRG.4.250047490"
"262","IS20300.C1AB3ACXX.7.250137653"
"263","IS20307.C1AB3ACXX.7.250137654"
"264","IS20314.C1AB3ACXX.7.250137655"
"265","IS20328.C1AB3ACXX.7.250137656"
"266","IS20345.C1AB3ACXX.7.250137657"
"267","IS20348.C1AB3ACXX.7.250137658"
"268","IS20351.628NVAAXX.5.250006907"
"269","IS20363.C1AB3ACXX.7.250137659"
"270","IS20364.C1AB3ACXX.7.250137660"
"271","IS20378.C1AB3ACXX.7.250137661"
"272","IS20398.C1AB3ACXX.7.250137662"
"273","IS20441.C1AB3ACXX.7.250137663"
"274","IS20448.C1AB3ACXX.7.250137664"
"275","IS20450.C1AB3ACXX.7.250137665"
"276","IS20452.C1AB3ACXX.7.250137666"
"277","IS20460.C1AB3ACXX.7.250137667"
"278","IS20463.C1AB3ACXX.7.250137668"
"279","IS20488.C1AB3ACXX.7.250137669"
"280","IS20490.C1AB3ACXX.7.250137670"
"281","IS20492.C1AB3ACXX.7.250137671"
"282","IS20497.C1AB3ACXX.7.250137672"
"283","IS20498.C1AB3ACXX.7.250137673"
"284","IS20625.MRG.4.250047491"
"285","IS20632.MRG.4.250047492"
"286","IS20679.MRG.4.250047493"
"287","IS20697.70MUKAAXX.2.250006067"
"288","IS20713.70MUKAAXX.2.250006013"
"289","IS20727.628NVAAXX.5.250006931"
"290","IS20740.MRG.4.250047497"
"291","IS20743.70MUKAAXX.2.250006034"
"292","IS20905.C1AB3ACXX.7.250137674"
"293","IS20956.MRG.4.250047500"
"294","IS21015.C1AB3ACXX.7.250137675"
"295","IS21055.C1AB3ACXX.7.250137676"
"296","IS21083.MRG.4.250047501"
"297","IS21124.628NVAAXX.5.250006955"
"298","IS21139.C1AB3ACXX.7.250137677"
"299","IS21155.C1AB3ACXX.7.250137678"
"300","IS21160.C1AB3ACXX.7.250137679"
"301","IS21169.C1AB3ACXX.7.250137680"
"302","IS21186.C1AB3ACXX.7.250137681"
"303","IS21309.C1AB3ACXX.7.250137682"
"304","IS21310.C1AB3ACXX.7.250137683"
"305","IS21323.C1AB3ACXX.7.250137684"
"306","IS21328.C1AB3ACXX.7.250137685"
"307","IS21343.C1AB3ACXX.7.250137686"
"308","IS21347.C1AB3ACXX.7.250137687"
"309","IS21403.C1AB3ACXX.7.250137688"
"310","IS21425.70MUKAAXX.2.250006057"
"311","IS21464.C1AB3ACXX.7.250137689"
"312","IS21512.MRG.4.250047502"
"313","IS21519.628NVAAXX.5.250006979"
"314","IS21521.C1AB3ACXX.7.250137690"
"315","IS21522.C1AB3ACXX.7.250137691"
"316","IS21535.C1AB3ACXX.7.250137692"
"317","IS21545.C1AB3ACXX.7.250137693"
"318","IS21546.C1AB3ACXX.7.250137694"
"319","IS21557.C1AB3ACXX.7.250137695"
"320","IS2156.628P7AAXX.7.250007017"
"321","IS21565.C1AB3ACXX.7.250137696"
"322","IS21583.C1AB3ACXX.7.250137697"
"323","IS21631.C1AB3ACXX.7.250137698"
"324","IS21645.MRG.4.250047503"
"325","IS21849.628P7AAXX.7.250007035"
"326","IS21863.MRG.4.250047504"
"327","IS21976.C1AB3ACXX.7.250137699"
"328","IS21982.C1AB3ACXX.7.250137701"
"329","IS21991.70MUKAAXX.2.250006093"
"330","IS21996.C1AB3ACXX.7.250137702"
"331","IS21997.C1AB3ACXX.7.250137703"
"332","IS22001.C1AB3ACXX.7.250137704"
"333","IS22019.C1AB3ACXX.7.250137706"
"334","IS22025.C1AB3ACXX.7.250137707"
"335","IS22026.C1AB3ACXX.7.250137708"
"336","IS22040.B064FABXX.1.250009992"
"337","IS2205.MRG.4.250047657"
"338","IS2206.C1AB3ACXX.7.250137271"
"339","IS22074.70MUKAAXX.2.250006006"
"340","IS22100.C1AB3ACXX.7.250137709"
"341","IS22104.C1AB3ACXX.7.250137710"
"342","IS22193.C1AB3ACXX.7.250137711"
"343","IS22239.70MUKAAXX.2.250006015"
"344","IS22282.628P7AAXX.7.250007059"
"345","IS22287.628P7AAXX.7.250007083"
"346","IS22291.70MUKAAXX.2.250006026"
"347","IS22294.628P7AAXX.7.250007107"
"348","IS22325.70MUKAAXX.2.250006036"
"349","IS22330.628NVAAXX.5.250006909"
"350","IS22334.628NVAAXX.5.250006933"
"351","IS22598.C1AB3ACXX.7.250137712"
"352","IS22601.C1AB3ACXX.7.250137713"
"353","IS22604.C1AB3ACXX.7.250137714"
"354","IS22608.C1AB3ACXX.7.250137715"
"355","IS22609.70MUKAAXX.2.250006070"
"356","IS22615.C1AB3ACXX.7.250137716"
"357","IS22616.MRG.4.250047509"
"358","IS22618.C1AB3ACXX.7.250137717"
"359","IS2262.628P7AAXX.7.250007041"
"360","IS2263.628P7AAXX.7.250007065"
"361","IS22701.C1AB3ACXX.7.250137718"
"362","IS22702.C1AB3ACXX.7.250137719"
"363","IS22720.MRG.4.250047510"
"364","IS22742.C1AB3ACXX.7.250137720"
"365","IS22746.D1EYBACXX.1.250137752"
"366","IS22751.D1EYBACXX.1.250137753"
"367","IS22785.D1EYBACXX.1.250137754"
"368","IS22789.D1EYBACXX.1.250137755"
"369","IS22792.D1EYBACXX.1.250137756"
"370","IS22799.MRG.4.250047511"
"371","IS22909.70MUKAAXX.2.250006094"
"372","IS22986.70MUKAAXX.2.250006007"
"373","IS22996.70MUKAAXX.2.250006016"
"374","IS23033.D0D0HACXX.5.250046087"
"375","IS23048.70MUKAAXX.2.250006027"
"376","IS23053.70MUKAAXX.2.250006037"
"377","IS23100.628NVAAXX.5.250006957"
"378","IS23108.D1EYBACXX.1.250137757"
"379","IS23142.628NVAAXX.5.250006981"
"380","IS23166.B064FABXX.1.250010004"
"381","IS23178.628P7AAXX.7.250007037"
"382","IS23184.D1EYBACXX.1.250137758"
"383","IS23188.D1EYBACXX.1.250137759"
"384","IS23216.MRG.4.250047513"
"385","IS23225.D1EYBACXX.1.250137760"
"386","IS23240.D1EYBACXX.1.250137761"
"387","IS23248.D1EYBACXX.1.250137762"
"388","IS23254.628P7AAXX.7.250007061"
"389","IS23262.D1EYBACXX.1.250137763"
"390","IS23263.D1EYBACXX.1.250137764"
"391","IS23275.D1EYBACXX.1.250137765"
"392","IS23283.D1EYBACXX.1.250137766"
"393","IS23298.D1EYBACXX.1.250137767"
"394","IS23306.D1EYBACXX.1.250137768"
"395","IS23308.D1EYBACXX.1.250137769"
"396","IS23319.D1EYBACXX.1.250137770"
"397","IS23322.D1EYBACXX.1.250137771"
"398","IS23335.D1EYBACXX.1.250137772"
"399","IS23341.D1EYBACXX.1.250137773"
"400","IS23357.D1EYBACXX.1.250137774"
"401","IS23358.D1EYBACXX.1.250137775"
"402","IS23363.D1EYBACXX.1.250137776"
"403","IS23366.D1EYBACXX.1.250137777"
"404","IS23367.D1EYBACXX.1.250137778"
"405","IS23370.D1EYBACXX.1.250137779"
"406","IS23373.D1EYBACXX.1.250137780"
"407","IS23375.D1EYBACXX.1.250137781"
"408","IS23376.D1EYBACXX.1.250137782"
"409","IS23514.MRG.4.250047514"
"410","IS23521.MRG.4.250047515"
"411","IS23574.70MUKAAXX.2.250006059"
"412","IS23579.MRG.4.250047516"
"413","IS23586.MRG.4.250047517"
"414","IS23590.MRG.4.250047518"
"415","IS23601.70MUKAAXX.2.250006071"
"416","IS23615.D1EYBACXX.1.250137783"
"417","IS23644.MRG.4.250047519"
"418","IS23645.628P7AAXX.7.250007085"
"419","IS23666.628P7AAXX.7.250007109"
"420","IS23669.628NVAAXX.5.250006911"
"421","IS2367.70MUKAAXX.1.250006437"
"422","IS23674.D1EYBACXX.1.250137785"
"423","IS23675.D1EYBACXX.1.250137786"
"424","IS23679.D1EYBACXX.1.250137787"
"425","IS23684.MRG.4.250047520"
"426","IS23685.D1EYBACXX.1.250137788"
"427","IS23687.D1EYBACXX.1.250137789"
"428","IS23693.D1EYBACXX.1.250137790"
"429","IS23694.D1EYBACXX.1.250137791"
"430","IS23698.D1EYBACXX.1.250137792"
"431","IS23700.D1EYBACXX.1.250137793"
"432","IS2371.C1AB3ACXX.7.250137272"
"433","IS23711.D1EYBACXX.1.250137794"
"434","IS23777.628NVAAXX.5.250006935"
"435","IS2379.D0D0HACXX.5.250046286"
"436","IS2382.D0D0HACXX.5.250046287"
"437","IS2389.D0D0HACXX.5.250046288"
"438","IS23891.MRG.4.250047521"
"439","IS2397.D0D0HACXX.5.250046289"
"440","IS2398.628P7AAXX.7.250007089"
"441","IS23992.B064FABXX.1.250009945"
"442","IS2413.D0D0HACXX.5.250046290"
"443","IS24139.MRG.4.250047523"
"444","IS2416.70MUKAAXX.1.250006449"
"445","IS24175.MRG.4.250047524"
"446","IS24218.MRG.4.250047525"
"447","IS2426.D0D0HACXX.5.250046291"
"448","IS24283.D1EYBACXX.1.250137795"
"449","IS24286.D1EYBACXX.1.250137797"
"450","IS24287.D1EYBACXX.1.250137798"
"451","IS24288.D1EYBACXX.1.250137799"
"452","IS24292.D1EYBACXX.1.250137800"
"453","IS24294.D1EYBACXX.1.250137801"
"454","IS24297.D1EYBACXX.1.250137802"
"455","IS24299.D1EYBACXX.1.250137803"
"456","IS2430.70MUKAAXX.1.250006461"
"457","IS24302.D1EYBACXX.1.250137804"
"458","IS24308.D1EYBACXX.1.250137805"
"459","IS24309.D1EYBACXX.1.250137806"
"460","IS24327.D1EYBACXX.1.250137807"
"461","IS24332.D1EYBACXX.1.250137808"
"462","IS24334.D1EYBACXX.1.250137809"
"463","IS24336.D1EYBACXX.1.250137810"
"464","IS24348.MRG.4.250047526"
"465","IS24360.D1EYBACXX.1.250137811"
"466","IS24369.D1EYBACXX.1.250137812"
"467","IS24379.D1EYBACXX.1.250137813"
"468","IS24386.D1EYBACXX.1.250137814"
"469","IS24389.D1EYBACXX.1.250137815"
"470","IS24413.D1EYBACXX.1.250137816"
"471","IS24416.D1EYBACXX.1.250137817"
"472","IS24453.MRG.4.250047527"
"473","IS24462.MRG.4.250047528"
"474","IS24463.MRG.4.250047529"
"475","IS24481.628NVAAXX.5.250006983"
"476","IS24492.MRG.4.250047530"
"477","IS24503.B064FABXX.1.250009965"
"478","IS24713.B064FABXX.1.250009985"
"479","IS24775.D0D0HACXX.5.250046090"
"480","IS24786.B064FABXX.1.250009997"
"481","IS24875.D1EYBACXX.1.250137819"
"482","IS24953.B064FABXX.1.250009946"
"483","IS25055.B064FABXX.1.250009954"
"484","IS25089.MRG.4.250047534"
"485","IS25098.D1EYBACXX.1.250137820"
"486","IS25249.MRG.4.250047535"
"487","IS25301.B064FABXX.1.250009986"
"488","IS25506.D1EYBACXX.1.250137821"
"489","IS25522.MRG.4.250047691"
"490","IS25523.MRG.4.250047692"
"491","IS25524.MRG.4.250047693"
"492","IS25543.D1EYBACXX.1.250137822"
"493","IS25548.MRG.4.250047537"
"494","IS25596.628P7AAXX.7.250007039"
"495","IS25670.D1EYBACXX.1.250137823"
"496","IS25690.D1EYBACXX.1.250137824"
"497","IS25694.D1EYBACXX.1.250137825"
"498","IS25702.628P7AAXX.7.250007063"
"499","IS25706.D1EYBACXX.1.250137826"
"500","IS25708.D1EYBACXX.1.250137827"
"501","IS25722.D1EYBACXX.1.250137828"
"502","IS25732.MRG.4.250047538"
"503","IS25733.B064FABXX.1.250009950"
"504","IS25752.D1EYBACXX.1.250137829"
"505","IS25766.D1EYBACXX.1.250137830"
"506","IS25772.D1EYBACXX.1.250137831"
"507","IS25783.D1EYBACXX.1.250137832"
"508","IS25798.D1EYBACXX.1.250137834"
"509","IS25804.D1EYBACXX.1.250137835"
"510","IS25812.D1EYBACXX.1.250137836"
"511","IS25816.D1EYBACXX.1.250137837"
"512","IS25836.B064FABXX.1.250010010"
"513","IS25839.D1EYBACXX.1.250137838"
"514","IS25848.D0D0HACXX.5.250046091"
"515","IS25865.D1EYBACXX.1.250137839"
"516","IS25877.D1EYBACXX.1.250137841"
"517","IS25888.D1EYBACXX.1.250137842"
"518","IS25910.B064FABXX.1.250010022"
"519","IS25912.D1EYBACXX.1.250137843"
"520","IS25913.D1EYBACXX.1.250137844"
"521","IS25921.D1EYBACXX.1.250137845"
"522","IS25931.D1EYBACXX.1.250137846"
"523","IS25936.D1EYBACXX.1.250137847"
"524","IS25945.D1EYBACXX.1.250138133"
"525","IS25966.D1EYBACXX.1.250138134"
"526","IS25985.D1EYBACXX.1.250138135"
"527","IS25987.D1EYBACXX.1.250138136"
"528","IS25989.MRG.4.250047541"
"529","IS26000.D1EYBACXX.1.250138137"
"530","IS26005.D1EYBACXX.1.250138138"
"531","IS26008.D1EYBACXX.1.250138139"
"532","IS26025.MRG.4.250047542"
"533","IS26031.D1EYBACXX.1.250138140"
"534","IS26046.MRG.4.250047543"
"535","IS26056.D1EYBACXX.1.250138141"
"536","IS26072.D1EYBACXX.1.250138142"
"537","IS26090.D1EYBACXX.1.250138143"
"538","IS26091.D1EYBACXX.1.250138144"
"539","IS26101.D1EYBACXX.1.250138145"
"540","IS26103.D1EYBACXX.1.250138146"
"541","IS26108.D1EYBACXX.1.250138147"
"542","IS26110.B064FABXX.1.250010016"
"543","IS26123.D1EYBACXX.1.250138148"
"544","IS26131.D1EYBACXX.1.250138149"
"545","IS26136.D1EYBACXX.1.250138150"
"546","IS26137.D1EYBACXX.1.250138151"
"547","IS26142.D1EYBACXX.1.250138152"
"548","IS26147.D1EYBACXX.1.250138153"
"549","IS26148.D1EYBACXX.1.250138154"
"550","IS26198.D0D0HACXX.5.250046092"
"551","IS26222.MRG.4.250047544"
"552","IS26224.D0D0HACXX.5.250046093"
"553","IS26282.D1EYBACXX.1.250138155"
"554","IS26285.D1EYBACXX.1.250138156"
"555","IS26370.D1EYBACXX.1.250138157"
"556","IS26376.D1EYBACXX.1.250138158"
"557","IS26390.D1EYBACXX.1.250138159"
"558","IS26404.D1EYBACXX.1.250138161"
"559","IS26419.D1EYBACXX.1.250138162"
"560","IS26434.D1EYBACXX.1.250138163"
"561","IS26484.MRG.4.250047545"
"562","IS26485.D1EYBACXX.1.250138164"
"563","IS26516.D1EYBACXX.1.250138165"
"564","IS26532.D1EYBACXX.1.250138166"
"565","IS26540.D1EYBACXX.1.250138167"
"566","IS26548.D1EYBACXX.1.250138168"
"567","IS26565.D1EYBACXX.1.250138169"
"568","IS26566.D1EYBACXX.1.250138170"
"569","IS26575.D1EYBACXX.1.250138171"
"570","IS26576.D1EYBACXX.1.250138172"
"571","IS26579.D1EYBACXX.1.250138173"
"572","IS26588.D1EYBACXX.1.250138174"
"573","IS26594.D1EYBACXX.1.250138175"
"574","IS26596.D1EYBACXX.1.250138176"
"575","IS26598.D1EYBACXX.1.250138177"
"576","IS26602.D1EYBACXX.1.250138178"
"577","IS26617.MRG.4.250047546"
"578","IS26634.D1EYBACXX.1.250138179"
"579","IS26638.D1EYBACXX.1.250138181"
"580","IS26641.D1EYBACXX.1.250138182"
"581","IS26694.MRG.4.250047547"
"582","IS26701.MRG.4.250047548"
"583","IS26737.MRG.4.250047549"
"584","IS26749.MRG.4.250047550"
"585","IS26821.D1EYBACXX.1.250138183"
"586","IS26827.D1EYBACXX.1.250138184"
"587","IS26837.D1EYBACXX.1.250138185"
"588","IS26925.D1EYBACXX.1.250138186"
"589","IS26978.D1EYBACXX.1.250138187"
"590","IS26991.D1EYBACXX.1.250138188"
"591","IS26993.D1EYBACXX.1.250138189"
"592","IS27003.D1EYBACXX.1.250138190"
"593","IS27034.MRG.4.250047551"
"594","IS27071.D1EYBACXX.1.250138191"
"595","IS27087.D1EYBACXX.1.250138192"
"596","IS27100.D1EYBACXX.1.250138193"
"597","IS27123.D1EYBACXX.1.250138194"
"598","IS27129.D1EYBACXX.1.250138195"
"599","IS27132.D1EYBACXX.1.250138196"
"600","IS27137.D1EYBACXX.1.250138197"
"601","IS27139.D1EYBACXX.1.250138198"
"602","IS27146.70MUKAAXX.1.250006389"
"603","IS27156.D1EYBACXX.1.250138199"
"604","IS27164.70MUKAAXX.1.250006426"
"605","IS27165.D1EYBACXX.1.250138200"
"606","IS27167.D1EYBACXX.1.250138201"
"607","IS27169.D1EYBACXX.1.250138202"
"608","IS27179.D1EYBACXX.1.250138203"
"609","IS27215.D1EYBACXX.1.250138204"
"610","IS27222.D1EYBACXX.1.250138205"
"611","IS27233.D1EYBACXX.1.250138206"
"612","IS27253.D1EYBACXX.1.250138207"
"613","IS27287.D0D0HACXX.5.250046095"
"614","IS27292.D1EYBACXX.1.250138208"
"615","IS27336.D1EYBACXX.1.250138209"
"616","IS27387.D1EYBACXX.1.250138210"
"617","IS27393.D1EYBACXX.1.250138211"
"618","IS27490.70MUKAAXX.1.250006429"
"619","IS27502.D1EYBACXX.1.250138212"
"620","IS27527.D1EYBACXX.1.250138213"
"621","IS27557.MRG.4.250047552"
"622","IS27587.B064FABXX.1.250009955"
"623","IS27599.B064FABXX.1.250009967"
"624","IS27680.D1EYBACXX.1.250138214"
"625","IS27697.MRG.4.250047553"
"626","IS27708.D1EYBACXX.1.250138215"
"627","IS27717.D1EYBACXX.1.250138216"
"628","IS27726.D1EYBACXX.1.250138217"
"629","IS27736.D1EYBACXX.1.250138218"
"630","IS27740.D1EYBACXX.1.250138219"
"631","IS27766.D1EYBACXX.1.250138220"
"632","IS27775.D1EYBACXX.1.250138221"
"633","IS27786.D0D0HACXX.5.250046096"
"634","IS27855.B064FABXX.1.250009999"
"635","IS27859.D1EYBACXX.1.250138223"
"636","IS2787.628NVAAXX.5.250006891"
"637","IS27887.MRG.4.250047555"
"638","IS27912.MRG.4.250047556"
"639","IS28036.D1EYBACXX.1.250138225"
"640","IS2807.628NVAAXX.5.250006915"
"641","IS2814.628NVAAXX.5.250006939"
"642","IS28141.MRG.4.250047557"
"643","IS28143.D1EYBACXX.1.250138227"
"644","IS28332.B064FABXX.1.250010011"
"645","IS28389.B064FABXX.1.250010023"
"646","IS28449.MRG.4.250047560"
"647","IS28451.MRG.4.250047561"
"648","IS2848.628NVAAXX.5.250006963"
"649","IS28614.MRG.4.250047562"
"650","IS2864.D0D0HACXX.5.250046292"
"651","IS2872.D0D0HACXX.5.250046293"
"652","IS28740.B064FABXX.1.250009975"
"653","IS28747.MRG.4.250047563"
"654","IS28849.B064FABXX.1.250009948"
"655","IS28966.D1EYBACXX.1.250138009"
"656","IS28991.B064FABXX.1.250009956"
"657","IS2902.70MUKAAXX.1.250006416"
"658","IS29091.MRG.4.250047565"
"659","IS29100.MRG.4.250047566"
"660","IS29187.MRG.4.250047567"
"661","IS29228.D1EYBACXX.1.250138011"
"662","IS29233.70MUKAAXX.1.250006441"
"663","IS29239.MRG.4.250047569"
"664","IS29241.MRG.4.250047570"
"665","IS29269.MRG.4.250047571"
"666","IS29304.MRG.4.250047572"
"667","IS29310.70MUKAAXX.1.250006453"
"668","IS29314.MRG.4.250047573"
"669","IS29326.MRG.4.250047605"
"670","IS29335.MRG.4.250047606"
"671","IS29358.MRG.4.250047607"
"672","IS29392.MRG.4.250047608"
"673","IS29407.70MUKAAXX.1.250006382"
"674","IS29409.70MUKAAXX.1.250006390"
"675","IS29441.MRG.4.250047609"
"676","IS29468.MRG.4.250047610"
"677","IS29472.B064FABXX.1.250009983"
"678","IS29496.70MUKAAXX.1.250006398"
"679","IS29565.MRG.4.250047612"
"680","IS29568.MRG.4.250047613"
"681","IS29569.70MUKAAXX.1.250006410"
"682","IS29582.MRG.4.250047614"
"683","IS29606.70MUKAAXX.1.250006430"
"684","IS29627.MRG.4.250047616"
"685","IS29654.MRG.4.250047617"
"686","IS29664.D1EYBACXX.1.250138012"
"687","IS29685.D1EYBACXX.1.250138013"
"688","IS29689.MRG.4.250047618"
"689","IS29691.70MUKAAXX.1.250006442"
"690","IS29714.MRG.4.250047619"
"691","IS29733.MRG.4.250047620"
"692","IS29757.D1EYBACXX.1.250138014"
"693","IS29772.MRG.4.250047621"
"694","IS29798.D0D0HACXX.5.250046098"
"695","IS29808.D1EYBACXX.1.250138015"
"696","IS29838.D1EYBACXX.1.250138016"
"697","IS29856.D1EYBACXX.1.250138017"
"698","IS29860.D1EYBACXX.1.250138018"
"699","IS29866.D1EYBACXX.1.250138019"
"700","IS29870.B064FABXX.1.250010000"
"701","IS29872.70MUKAAXX.1.250006454"
"702","IS29876.70MUKAAXX.1.250006466"
"703","IS29911.70MUKAAXX.1.250006383"
"704","IS29914.MRG.4.250047622"
"705","IS29950.MRG.4.250047623"
"706","IS29966.B064FABXX.1.250010012"
"707","IS29977.D0D0HACXX.5.250046099"
"708","IS30024.D1EYBACXX.1.250138020"
"709","IS30079.MRG.4.250047624"
"710","IS30092.MRG.4.250047625"
"711","IS30095.D1EYBACXX.1.250138021"
"712","IS30122.D1EYBACXX.1.250138022"
"713","IS30145.D1EYBACXX.1.250138023"
"714","IS30175.70MUKAAXX.1.250006391"
"715","IS30205.D0D0HACXX.5.250046101"
"716","IS30207.B064FABXX.1.250010024"
"717","IS30213.D1EYBACXX.1.250138024"
"718","IS30231.MRG.4.250047626"
"719","IS303.628NVAAXX.5.250006913"
"720","IS30318.D1EYBACXX.1.250138025"
"721","IS30319.D1EYBACXX.1.250138026"
"722","IS30335.D0D0HACXX.5.250046102"
"723","IS30359.D1EYBACXX.1.250138027"
"724","IS30360.D1EYBACXX.1.250138028"
"725","IS30371.D1EYBACXX.1.250138029"
"726","IS30383.MRG.4.250047627"
"727","IS30391.D1EYBACXX.1.250138030"
"728","IS30397.D0D0HACXX.5.250046103"
"729","IS30398.D1EYBACXX.1.250138031"
"730","IS30400.MRG.4.250047628"
"731","IS30401.D1EYBACXX.1.250138032"
"732","IS30405.70MUKAAXX.1.250006399"
"733","IS30407.D1EYBACXX.1.250138033"
"734","IS30409.D0D0HACXX.5.250046104"
"735","IS30417.70MUKAAXX.1.250006411"
"736","IS30422.D1EYBACXX.1.250138034"
"737","IS30436.70MUKAAXX.1.250006431"
"738","IS30441.70MUKAAXX.1.250006443"
"739","IS30443.70MUKAAXX.1.250006455"
"740","IS30444.D1EYBACXX.1.250138035"
"741","IS30450.MRG.4.250047631"
"742","IS30451.70MUKAAXX.1.250006467"
"743","IS30452.D1EYBACXX.1.250138036"
"744","IS30455.D1EYBACXX.1.250138037"
"745","IS30460.MRG.4.250047633"
"746","IS30466.MRG.4.250047634"
"747","IS30507.MRG.4.250047635"
"748","IS30508.MRG.4.250047636"
"749","IS30533.MRG.4.250047637"
"750","IS30536.MRG.4.250047638"
"751","IS30562.MRG.4.250047639"
"752","IS30572.MRG.4.250047640"
"753","IS30619.B064FABXX.1.250009957"
"754","IS3073.628P7AAXX.7.250007019"
"755","IS30748.B064FABXX.1.250009968"
"756","IS3075.C1AB3ACXX.7.250137273"
"757","IS30838.MRG.4.250047641"
"758","IS30853.D1EYBACXX.1.250138038"
"759","IS30855.D1EYBACXX.1.250138039"
"760","IS30860.D1EYBACXX.1.250138041"
"761","IS30864.D1EYBACXX.1.250138042"
"762","IS30867.D1EYBACXX.1.250138043"
"763","IS30868.D1EYBACXX.1.250138044"
"764","IS30898.B064FABXX.1.250009989"
"765","IS31043.MRG.4.250047642"
"766","IS31123.B064FABXX.1.250010001"
"767","IS31179.B064FABXX.1.250010013"
"768","IS31186.MRG.4.250047643"
"769","IS31195.B064FABXX.1.250010025"
"770","IS31202.B064FABXX.1.250009940"
"771","IS3121.70MUKAAXX.1.250006438"
"772","IS3127.C1AB3ACXX.7.250137274"
"773","IS31299.B064FABXX.1.250009980"
"774","IS31446.MRG.4.250047644"
"775","IS31557.MRG.4.250047645"
"776","IS31559.70MUKAAXX.1.250006419"
"777","IS31651.MRG.4.250047646"
"778","IS31666.D1EYBACXX.1.250138045"
"779","IS31681.70MUKAAXX.1.250006392"
"780","IS31706.MRG.4.250047648"
"781","IS31714.MRG.4.250047649"
"782","IS31965.D1EYBACXX.1.250138048"
"783","IS32050.B064FABXX.1.250010014"
"784","IS32087.B064FABXX.1.250010026"
"785","IS32092.B064FABXX.1.250009977"
"786","IS32150.D1EYBACXX.1.250138050"
"787","IS32245.MRG.4.250047650"
"788","IS32262.D1EYBACXX.1.250138051"
"789","IS32337.D1EYBACXX.1.250138052"
"790","IS32349.MRG.4.250047651"
"791","IS32357.D1EYBACXX.1.250138053"
"792","IS32370.D1EYBACXX.1.250138054"
"793","IS32373.D1EYBACXX.1.250138055"
"794","IS32401.D1EYBACXX.1.250138056"
"795","IS32404.D1EYBACXX.1.250138057"
"796","IS32405.D1EYBACXX.1.250138058"
"797","IS32420.D1EYBACXX.1.250138059"
"798","IS32425.D1EYBACXX.1.250138060"
"799","IS32426.D1EYBACXX.1.250138061"
"800","IS32439.MRG.4.250047652"
"801","IS32449.D1EYBACXX.1.250138062"
"802","IS32454.B064FABXX.1.250009959"
"803","IS32459.D1EYBACXX.1.250138063"
"804","IS32461.D1EYBACXX.1.250138064"
"805","IS32471.D1EYBACXX.1.250138065"
"806","IS32475.D1EYBACXX.1.250138066"
"807","IS32506.D1EYBACXX.1.250138067"
"808","IS32569.70MUKAAXX.1.250006400"
"809","IS32571.D1EYBACXX.1.250138068"
"810","IS32685.D1EYBACXX.1.250138069"
"811","IS32787.MRG.4.250047653"
"812","IS32986.B064FABXX.1.250009969"
"813","IS33023.MRG.4.250047654"
"814","IS33090.D0D0HACXX.5.250046034"
"815","IS33173.B064FABXX.1.250009991"
"816","IS33178.B064FABXX.1.250010003"
"817","IS33209.B064FABXX.1.250010015"
"818","IS33242.D1EYBACXX.1.250138070"
"819","IS33261.70MUKAAXX.1.250006427"
"820","IS33353.70MUKAAXX.1.250006432"
"821","IS33716.D1EYBACXX.1.250138071"
"822","IS33844.MRG.4.250047659"
"823","IS33861.D1EYBACXX.1.250138072"
"824","IS33973.D1EYBACXX.1.250138073"
"825","IS33984.D1EYBACXX.1.250138074"
"826","IS34008.D1EYBACXX.1.250138075"
"827","IS34017.D1EYBACXX.1.250138076"
"828","IS34029.D1EYBACXX.1.250138077"
"829","IS34035.D1EYBACXX.1.250138078"
"830","IS34067.D1EYBACXX.1.250138079"
"831","IS34083.D1EYBACXX.1.250138080"
"832","IS34139.D1EYBACXX.1.250138081"
"833","IS34150.D1EYBACXX.1.250138082"
"834","IS34219.D1EYBACXX.1.250138083"
"835","IS34226.D1EYBACXX.1.250138084"
"836","IS3443.70MUKAAXX.1.250006462"
"837","IS3457.C1AB3ACXX.7.250137275"
"838","IS34778.D1EYBACXX.1.250138085"
"839","IS34781.D1EYBACXX.1.250138086"
"840","IS34814.D1EYBACXX.1.250138087"
"841","IS34840.D1EYBACXX.1.250138088"
"842","IS34851.D1EYBACXX.1.250138089"
"843","IS34860.D1EYBACXX.1.250138090"
"844","IS34895.D1EYBACXX.1.250138091"
"845","IS34901.D1EYBACXX.1.250138092"
"846","IS34906.D1EYBACXX.1.250138093"
"847","IS34908.D1EYBACXX.1.250138094"
"848","IS34909.D1EYBACXX.1.250138095"
"849","IS34913.D1EYBACXX.1.250138096"
"850","IS34928.D1EYBACXX.1.250138097"
"851","IS34938.D1EYBACXX.1.250138098"
"852","IS34939.D1EYBACXX.1.250138099"
"853","IS34947.D1EYBACXX.1.250138100"
"854","IS34954.D1EYBACXX.1.250138101"
"855","IS34965.D1EYBACXX.1.250138260"
"856","IS34976.D1EYBACXX.1.250138261"
"857","IS3507.70MUKAAXX.1.250006474"
"858","IS3511.628P7AAXX.7.250007043"
"859","IS35170.D1EYBACXX.1.250138262"
"860","IS35214.D1EYBACXX.1.250138263"
"861","IS35215.D1EYBACXX.1.250138264"
"862","IS35218.D1EYBACXX.1.250138265"
"863","IS35222.D1EYBACXX.1.250138266"
"864","IS35225.D1EYBACXX.1.250138267"
"865","IS35229.D1EYBACXX.1.250138268"
"866","IS35230.D1EYBACXX.1.250138269"
"867","IS35231.D1EYBACXX.1.250138270"
"868","IS35239.D1EYBACXX.1.250138271"
"869","IS35240.D1EYBACXX.1.250138272"
"870","IS35244.D1EYBACXX.1.250138273"
"871","IS35246.D1EYBACXX.1.250138274"
"872","IS35250.D1EYBACXX.1.250138275"
"873","IS35254.D1EYBACXX.1.250138276"
"874","IS35255.D1EYBACXX.1.250138277"
"875","IS35427.D1EYBACXX.1.250138278"
"876","IS35471.D1EYBACXX.1.250138279"
"877","IS35475.D1EYBACXX.1.250138280"
"878","IS35478.D1EYBACXX.1.250138281"
"879","IS35480.D1EYBACXX.1.250138282"
"880","IS35483.D1EYBACXX.1.250138283"
"881","IS35503.D1EYBACXX.1.250138284"
"882","IS35506.D1EYBACXX.1.250138285"
"883","IS35507.D1EYBACXX.1.250138286"
"884","IS35510.D1EYBACXX.1.250138288"
"885","IS35522.D1EYBACXX.1.250138289"
"886","IS35526.D1EYBACXX.1.250138290"
"887","IS35553.D1EYBACXX.1.250138291"
"888","IS35567.D1EYBACXX.1.250138292"
"889","IS35570.D1EYBACXX.1.250138293"
"890","IS35574.D1EYBACXX.1.250138294"
"891","IS35579.D1EYBACXX.1.250138296"
"892","IS35602.D1EYBACXX.1.250138297"
"893","IS35604.D1EYBACXX.1.250138298"
"894","IS3582.C1AB3ACXX.7.250137276"
"895","IS3583.70MUKAAXX.1.250006387"
"896","IS36052.D1EYBACXX.1.250138299"
"897","IS36058.D1EYBACXX.1.250138300"
"898","IS36060.D1EYBACXX.1.250138301"
"899","IS36081.D1EYBACXX.1.250138302"
"900","IS36088.D1EYBACXX.1.250138303"
"901","IS36100.D1EYBACXX.1.250138304"
"902","IS36102.D1EYBACXX.1.250138305"
"903","IS36239.D1EYBACXX.1.250138306"
"904","IS36247.D1EYBACXX.1.250138307"
"905","IS36317.D1EYBACXX.1.250138308"
"906","IS36324.D1EYBACXX.1.250138309"
"907","IS36329.D1EYBACXX.1.250138310"
"908","IS36336.D1EYBACXX.1.250138311"
"909","IS36342.D1EYBACXX.1.250138312"
"910","IS36398.D1EYBACXX.1.250138313"
"911","IS36401.D1EYBACXX.1.250138314"
"912","IS36403.D1EYBACXX.1.250138315"
"913","IS36404.D1EYBACXX.1.250138316"
"914","IS36450.D1EYBACXX.1.250138317"
"915","IS36452.D1EYBACXX.1.250138318"
"916","IS3696.C1AB3ACXX.7.250137277"
"917","IS37124.D1EYBACXX.1.250138319"
"918","IS37125.D1EYBACXX.1.250138320"
"919","IS37127.D1EYBACXX.1.250138321"
"920","IS37128.D1EYBACXX.1.250138322"
"921","IS37129.D1EYBACXX.1.250138323"
"922","IS37133.D1EYBACXX.1.250138324"
"923","IS37134.D1EYBACXX.1.250138325"
"924","IS37135.D1EYBACXX.1.250138326"
"925","IS37136.D1EYBACXX.1.250138327"
"926","IS37140.D1EYBACXX.1.250138328"
"927","IS37146.D1EYBACXX.1.250138329"
"928","IS37203.D1EYBACXX.1.250138330"
"929","IS37234.D1EYBACXX.1.250138331"
"930","IS37569.D1EYBACXX.1.250138332"
"931","IS3762.C1AB3ACXX.7.250137278"
"932","IS37746.D1EYBACXX.1.250138333"
"933","IS3780.628P7AAXX.7.250007067"
"934","IS38021.D1EYBACXX.1.250138335"
"935","IS38026.D1EYBACXX.1.250138336"
"936","IS38159.D1EYBACXX.1.250138337"
"937","IS38683.D1EYBACXX.1.250138338"
"938","IS3885.70MUKAAXX.1.250006439"
"939","IS3905.628P7AAXX.7.250007091"
"940","IS39453.D1EYBACXX.1.250138339"
"941","IS39462.D1EYBACXX.1.250138340"
"942","IS39463.D1EYBACXX.1.250138341"
"943","IS39474.D1EYBACXX.1.250138342"
"944","IS39496.D1EYBACXX.1.250138343"
"945","IS3957.628NVAAXX.5.250006893"
"946","IS3958.D0TGUACXX.1.250075147"
"947","IS39672.D1EYBACXX.1.250138345"
"948","IS39677.D1EYBACXX.1.250138346"
"949","IS3971.628NVAAXX.5.250006917"
"950","IS39713.D1EYBACXX.1.250138347"
"951","IS39764.D1EYBACXX.1.250138348"
"952","IS39778.D1EYBACXX.1.250138349"
"953","IS39780.D1EYBACXX.1.250138350"
"954","IS39783.D1EYBACXX.1.250138351"
"955","IS39791.D1EYBACXX.1.250138352"
"956","IS39797.D1EYBACXX.1.250138353"
"957","IS39809.D1EYBACXX.1.250138354"
"958","IS39810.D1EYBACXX.1.250138355"
"959","IS39814.D1EYBACXX.8.250140165"
"960","IS39815.D1EYBACXX.8.250140166"
"961","IS39819.D1EYBACXX.8.250140167"
"962","IS39913.D1EYBACXX.8.250140168"
"963","IS39915.D1EYBACXX.8.250140169"
"964","IS40005.D1EYBACXX.8.250140170"
"965","IS4003.C1AB3ACXX.7.250137279"
"966","IS40033.D1EYBACXX.8.250140171"
"967","IS40034.D1EYBACXX.8.250140172"
"968","IS40036.D1EYBACXX.8.250140173"
"969","IS40215.D1EYBACXX.8.250140174"
"970","IS4027.628NVAAXX.5.250006941"
"971","IS40272.D1EYBACXX.8.250140175"
"972","IS40306.D1EYBACXX.8.250140176"
"973","IS40307.D1EYBACXX.8.250140177"
"974","IS40324.D1EYBACXX.8.250140178"
"975","IS40325.D1EYBACXX.8.250140179"
"976","IS40329.D1EYBACXX.8.250140180"
"977","IS4035.70MUKAAXX.1.250006451"
"978","IS40373.D1EYBACXX.8.250140181"
"979","IS4060.D0D0HACXX.5.250046298"
"980","IS4064.C1AB3ACXX.7.250137280"
"981","IS40730.D1EYBACXX.8.250140183"
"982","IS40757.D1EYBACXX.8.250140184"
"983","IS40771.D1EYBACXX.8.250140185"
"984","IS40791.D1EYBACXX.8.250140186"
"985","IS40803.D1EYBACXX.8.250140187"
"986","IS40819.D1EYBACXX.8.250140188"
"987","IS40822.D1EYBACXX.8.250140189"
"988","IS40824.D1EYBACXX.8.250140190"
"989","IS40841.D1EYBACXX.8.250140191"
"990","IS4092.D0D0HACXX.5.250046299"
"991","IS4112.70MUKAAXX.1.250006463"
"992","IS4127.C1AB3ACXX.7.250137281"
"993","IS4207.C1AB3ACXX.7.250137282"
"994","IS4246.C1AB3ACXX.7.250137283"
"995","IS4248.C1AB3ACXX.7.250137284"
"996","IS4254.C1AB3ACXX.7.250137285"
"997","IS4269.C1AB3ACXX.7.250137286"
"998","IS4277.C1AB3ACXX.7.250137287"
"999","IS4285.628NVAAXX.5.250006965"
"1000","IS4307.C1AB3ACXX.7.250137288"
"1001","IS4308.C1AB3ACXX.7.250137289"
"1002","IS4332.C1AB3ACXX.7.250137290"
"1003","IS4339.C1AB3ACXX.7.250137291"
"1004","IS4347.C1AB3ACXX.7.250137292"
"1005","IS4360.D0D0HACXX.5.250046300"
"1006","IS4372.D0D0HACXX.5.250046301"
"1007","IS4378.C1AB3ACXX.7.250137293"
"1008","IS4405.C1AB3ACXX.7.250137294"
"1009","IS4489.C1AB3ACXX.7.250137296"
"1010","IS4515.D0D0HACXX.5.250046302"
"1011","IS4543.C1AB3ACXX.7.250137297"
"1012","IS4581.D0D0HACXX.5.250046303"
"1013","IS4613.D0D0HACXX.5.250046304"
"1014","IS4631.D0D0HACXX.5.250046305"
"1015","IS4698.D0D0HACXX.5.250046306"
"1016","IS4726.70MUKAAXX.1.250006475"
"1017","IS473.D0D0HACXX.5.250046276"
"1018","IS4734.C1AB3ACXX.7.250137298"
"1019","IS4758.C1AB3ACXX.7.250137299"
"1020","IS4776.70MUKAAXX.1.250006388"
"1021","IS4788.C1AB3ACXX.7.250137300"
"1022","IS4798.C1AB3ACXX.7.250137301"
"1023","IS4809.C1AB3ACXX.7.250137302"
"1024","IS4821.628P7AAXX.7.250007021"
"1025","IS4855.C1AB3ACXX.7.250137303"
"1026","IS4951.D0D0HACXX.5.250046307"
"1027","IS4963.628P7AAXX.7.250007045"
"1028","IS5094.D0D0HACXX.5.250046308"
"1029","IS5106.70MUKAAXX.1.250006397"
"1030","IS5125.C1AB3ACXX.7.250137304"
"1031","IS5134.C1AB3ACXX.7.250137305"
"1032","IS5139.C1AB3ACXX.7.250137306"
"1033","IS5158.C1AB3ACXX.7.250137307"
"1034","IS5166.C1AB3ACXX.7.250137308"
"1035","IS5177.C1AB3ACXX.7.250137310"
"1036","IS5194.C1AB3ACXX.7.250137311"
"1037","IS5219.C1AB3ACXX.7.250137312"
"1038","IS5233.C1AB3ACXX.7.250137313"
"1039","IS5257.C1AB3ACXX.7.250137314"
"1040","IS5282.C1AB3ACXX.7.250137315"
"1041","IS5290.C1AB3ACXX.7.250137316"
"1042","IS5295.D0D0HACXX.5.250046309"
"1043","IS5301.D0D0HACXX.5.250046310"
"1044","IS5313.C1AB3ACXX.7.250137317"
"1045","IS5325.C1AB3ACXX.7.250137318"
"1046","IS5326.C1AB3ACXX.7.250137319"
"1047","IS5328.C1AB3ACXX.7.250137320"
"1048","IS5335.C1AB3ACXX.7.250137321"
"1049","IS5339.C1AB3ACXX.7.250137322"
"1050","IS5348.C1AB3ACXX.7.250137323"
"1051","IS5386.D0D0HACXX.5.250046311"
"1052","IS5404.C1AB3ACXX.7.250137324"
"1053","IS5409.C1AB3ACXX.7.250137325"
"1054","IS5456.C1AB3ACXX.7.250137326"
"1055","IS5469.C1AB3ACXX.7.250137328"
"1056","IS5491.C1AB3ACXX.7.250137329"
"1057","IS5499.C1AB3ACXX.7.250137330"
"1058","IS5622.70MUKAAXX.1.250006408"
"1059","IS5667.D0D0HACXX.5.250046312"
"1060","IS5720.70MUKAAXX.1.250006418"
"1061","IS5788.C1AB3ACXX.7.250137332"
"1062","IS5804.C1AB3ACXX.7.250137333"
"1063","IS5815.C1AB3ACXX.7.250137334"
"1064","IS5818.C1AB3ACXX.7.250137335"
"1065","IS5824.C1AB3ACXX.7.250137336"
"1066","IS5832.C1AB3ACXX.7.250137337"
"1067","IS5839.C1AB3ACXX.7.250137338"
"1068","IS5867.628P7AAXX.7.250007069"
"1069","IS5900.C1AB3ACXX.7.250137371"
"1070","IS5910.70MUKAAXX.1.250006440"
"1071","IS5919.D0D0HACXX.5.250046313"
"1072","IS5928.C1AB3ACXX.7.250137372"
"1073","IS5972.628P7AAXX.7.250007093"
"1074","IS5980.C1AB3ACXX.7.250137373"
"1075","IS5995.C1AB3ACXX.7.250137374"
"1076","IS6004.C1AB3ACXX.7.250137375"
"1077","IS602.70MUKAAXX.1.250006422"
"1078","IS6024.C1AB3ACXX.7.250137376"
"1079","IS603.D0D0HACXX.5.250046278"
"1080","IS6035.C1AB3ACXX.7.250137377"
"1081","IS608.D0D0HACXX.5.250046279"
"1082","IS6094.D0D0HACXX.5.250046075"
"1083","IS6095.C1AB3ACXX.7.250137378"
"1084","IS6099.C1AB3ACXX.7.250137379"
"1085","IS6106.C1AB3ACXX.7.250137380"
"1086","IS6116.C1AB3ACXX.7.250137381"
"1087","IS6146.C1AB3ACXX.7.250137382"
"1088","IS6150.C1AB3ACXX.7.250137383"
"1089","IS6152.C1AB3ACXX.7.250137384"
"1090","IS6154.70MUKAAXX.1.250006452"
"1091","IS6165.C1AB3ACXX.7.250137385"
"1092","IS6169.C1AB3ACXX.7.250137386"
"1093","IS6191.C1AB3ACXX.7.250137387"
"1094","IS6192.C1AB3ACXX.7.250137388"
"1095","IS6193.628NVAAXX.5.250006895"
"1096","IS6203.C1AB3ACXX.7.250137389"
"1097","IS6206.C1AB3ACXX.7.250137390"
"1098","IS6208.C1AB3ACXX.7.250137392"
"1099","IS6210.C1AB3ACXX.7.250137393"
"1100","IS6215.C1AB3ACXX.7.250137394"
"1101","IS6222.C1AB3ACXX.7.250137395"
"1102","IS6227.C1AB3ACXX.7.250137396"
"1103","IS6230.C1AB3ACXX.7.250137397"
"1104","IS6236.C1AB3ACXX.7.250137398"
"1105","IS6243.C1AB3ACXX.7.250137399"
"1106","IS6245.C1AB3ACXX.7.250137400"
"1107","IS6249.C1AB3ACXX.7.250137401"
"1108","IS6255.C1AB3ACXX.7.250137402"
"1109","IS6259.C1AB3ACXX.7.250137403"
"1110","IS6266.C1AB3ACXX.7.250137404"
"1111","IS6269.C1AB3ACXX.7.250137405"
"1112","IS6276.C1AB3ACXX.7.250137406"
"1113","IS6282.C1AB3ACXX.7.250137407"
"1114","IS6294.C1AB3ACXX.7.250137408"
"1115","IS6321.C1AB3ACXX.7.250137409"
"1116","IS6329.C1AB3ACXX.7.250137410"
"1117","IS6331.C1AB3ACXX.7.250137411"
"1118","IS6351.628NVAAXX.5.250006919"
"1119","IS6354.D0D0HACXX.5.250046315"
"1120","IS6413.B064FABXX.1.250009961"
"1121","IS6421.D0D0HACXX.5.250046316"
"1122","IS6745.628NVAAXX.5.250006943"
"1123","IS6828.628NVAAXX.5.250006967"
"1124","IS6931.MRG.4.250047665"
"1125","IS7069.C1AB3ACXX.7.250137412"
"1126","IS7131.D0D0HACXX.5.250046317"
"1127","IS7250.D0D0HACXX.5.250046318"
"1128","IS7277.70MUKAAXX.2.250006045"
"1129","IS7304.C1AB3ACXX.7.250137413"
"1130","IS7305.D0D0HACXX.5.250046319"
"1131","IS7310.D0D0HACXX.5.250046320"
"1132","IS7312.C1AB3ACXX.7.250137414"
"1133","IS7314.70MUKAAXX.2.250006028"
"1134","IS7343.C1AB3ACXX.7.250137415"
"1135","IS7348.C1AB3ACXX.7.250137416"
"1136","IS7360.C1AB3ACXX.7.250137417"
"1137","IS7367.C1AB3ACXX.7.250137418"
"1138","IS7386.C1AB3ACXX.7.250137419"
"1139","IS7389.C1AB3ACXX.7.250137420"
"1140","IS7403.C1AB3ACXX.7.250137421"
"1141","IS7408.C1AB3ACXX.7.250137422"
"1142","IS7411.C1AB3ACXX.7.250137423"
"1143","IS7418.C1AB3ACXX.7.250137424"
"1144","IS7419.C1AB3ACXX.7.250137425"
"1145","IS7424.C1AB3ACXX.7.250137426"
"1146","IS7428.C1AB3ACXX.7.250137427"
"1147","IS7447.C1AB3ACXX.7.250137428"
"1148","IS7463.D0D0HACXX.5.250046078"
"1149","IS7469.C1AB3ACXX.7.250137429"
"1150","IS7480.C1AB3ACXX.7.250137430"
"1151","IS7486.C1AB3ACXX.7.250137431"
"1152","IS7490.C1AB3ACXX.7.250137432"
"1153","IS7492.C1AB3ACXX.7.250137433"
"1154","IS7506.C1AB3ACXX.7.250137434"
"1155","IS7508.C1AB3ACXX.7.250137435"
"1156","IS7535.C1AB3ACXX.7.250137436"
"1157","IS7620.D0D0HACXX.5.250046079"
"1158","IS7643.C1AB3ACXX.7.250137437"
"1159","IS7679.D0D0HACXX.5.250046321"
"1160","IS7689.C1AB3ACXX.7.250137438"
"1161","IS7696.C1AB3ACXX.7.250137439"
"1162","IS7702.C1AB3ACXX.7.250137440"
"1163","IS7704.C1AB3ACXX.7.250137441"
"1164","IS7722.70MUKAAXX.2.250006048"
"1165","IS7763.C1AB3ACXX.7.250137442"
"1166","IS7773.C1AB3ACXX.7.250137443"
"1167","IS7792.C1AB3ACXX.7.250137444"
"1168","IS7802.C1AB3ACXX.7.250137445"
"1169","IS7806.C1AB3ACXX.7.250137446"
"1170","IS7812.C1AB3ACXX.7.250137447"
"1171","IS7825.C1AB3ACXX.7.250137448"
"1172","IS7834.C1AB3ACXX.7.250137449"
"1173","IS7835.C1AB3ACXX.7.250137450"
"1174","IS7836.C1AB3ACXX.7.250137451"
"1175","IS7843.C1AB3ACXX.7.250137452"
"1176","IS7845.C1AB3ACXX.7.250137453"
"1177","IS7849.C1AB3ACXX.7.250137454"
"1178","IS7861.628P7AAXX.7.250007023"
"1179","IS7887.C1AB3ACXX.7.250137455"
"1180","IS7889.628P7AAXX.7.250007047"
"1181","IS7892.C1AB3ACXX.7.250137456"
"1182","IS7920.C1AB3ACXX.7.250137457"
"1183","IS7923.C1AB3ACXX.7.250137458"
"1184","IS7948.C1AB3ACXX.7.250137459"
"1185","IS7957.D0D0HACXX.5.250046322"
"1186","IS7958.D0D0HACXX.5.250046080"
"1187","IS7987.D0D0HACXX.5.250046323"
"1188","IS7995.C1AB3ACXX.7.250137460"
"1189","IS8012.D0D0HACXX.5.250046324"
"1190","IS8310.C1AB3ACXX.7.250137461"
"1191","IS8348.70MUKAAXX.2.250006001"
"1192","IS8577.D0E1YACXX.4.250048295"
"1193","IS8685.628P7AAXX.7.250007071"
"1194","IS8774.D0D0HACXX.5.250046326"
"1195","IS8777.D0D0HACXX.5.250046327"
"1196","IS8861.C1AB3ACXX.7.250137462"
"1197","IS8882.628P7AAXX.7.250007095"
"1198","IS8916.D0D0HACXX.5.250046328"
"1199","IS9108.D0D0HACXX.5.250046329"
"1200","IS9113.D0D0HACXX.5.250046330"
"1201","IS9115.C1AB3ACXX.7.250137463"
"1202","IS9168.70MUKAAXX.2.250006009"
"1203","IS9177.D0D0HACXX.5.250046331"
"1204","IS929.628NVAAXX.5.250006937"
"1205","IS9303.628NVAAXX.5.250006897"
"1206","IS9468.628NVAAXX.5.250006921"
"1207","IS9527.628NVAAXX.5.250006945"
"1208","IS9597.70MUKAAXX.2.250006029"
"1209","IS962.C1AB3ACXX.7.250137244"
"1210","IS9713.70MUKAAXX.2.250006049"
"1211","IS9720.C1AB3ACXX.7.250137464"
"1212","IS9745.D0D0HACXX.5.250046332"
"1213","IS9830.70MUKAAXX.1.250006404"
"1214","IS9883.70MUKAAXX.2.250006061"
"1215","IS9911.70MUKAAXX.2.250006073"
"1216","IS995.D0D0HACXX.5.250046280"
"1217","PI151198.D1G0BACXX.7.250130017"
"1218","PI155541.D1G0BACXX.7.250130029"
"1219","PI213900.D1G0BACXX.7.250130041"
"1220","PI229841.C1AADACXX.6.250140450"
"1221","PI24969.C00TDABXX.7.250018539"
"1222","PI267621.D1G0BACXX.7.250130053"
"1223","PI285039.D1G0BACXX.7.250129930"
"1224","PI285042.D1G0BACXX.7.250130077"
"1225","PI302116.C1AADACXX.6.250140499"
"1226","PI329252.D1G0BACXX.7.250129882"
"1227","PI329256.D1G0BACXX.7.250130089"
"1228","PI329285.D1G0BACXX.7.250130006"
"1229","PI329286.D1G0BACXX.7.250130018"
"1230","PI329299.D1G0BACXX.7.250130030"
"1231","PI329300.D1G0BACXX.7.250130042"
"1232","PI329301.D1G0BACXX.7.250130054"
"1233","PI329310.D1G0BACXX.7.250130066"
"1234","PI329311.D1G0BACXX.7.250130078"
"1235","PI329312.D1G0BACXX.7.250130090"
"1236","PI329316.D1G0BACXX.7.250130007"
"1237","PI329318.D1G0BACXX.7.250130019"
"1238","PI329319.D1G0BACXX.7.250130031"
"1239","PI329320.D1G0BACXX.7.250130043"
"1240","PI329325.D1G0BACXX.7.250130055"
"1241","PI329326.D1G0BACXX.7.250130067"
"1242","PI329333.D1G0BACXX.7.250130079"
"1243","PI329338.D1G0BACXX.7.250129895"
"1244","PI329351.D1G0BACXX.7.250130008"
"1245","PI329394.D1G0BACXX.7.250130020"
"1246","PI329403.D1G0BACXX.7.250130032"
"1247","PI329442.D1G0BACXX.7.250130044"
"1248","PI329465.D1G0BACXX.7.250130056"
"1249","PI329466.D1G0BACXX.7.250130068"
"1250","PI329470.D1G0BACXX.7.250130080"
"1251","PI329471.D1G0BACXX.7.250130092"
"1252","PI329473.D1G0BACXX.7.250130009"
"1253","PI329475.D1G0BACXX.7.250130021"
"1254","PI329476.D1G0BACXX.7.250130033"
"1255","PI329477.D1G0BACXX.7.250130045"
"1256","PI329478.D1G0BACXX.7.250130057"
"1257","PI329480.D1G0BACXX.7.250130069"
"1258","PI329501.D1G0BACXX.7.250130081"
"1259","PI329504.D1G0BACXX.7.250130093"
"1260","PI329506.D1G0BACXX.7.250130010"
"1261","PI329510.D1G0BACXX.7.250130022"
"1262","PI329511.D1G0BACXX.7.250130034"
"1263","PI329517.D1G0BACXX.7.250130046"
"1264","PI329518.D1G0BACXX.7.250130058"
"1265","PI329519.D1G0BACXX.7.250130070"
"1266","PI329540.D1G0BACXX.7.250130082"
"1267","PI329541.D1G0BACXX.7.250130094"
"1268","PI329545.D1G0BACXX.7.250130011"
"1269","PI329546.D1G0BACXX.7.250129919"
"1270","PI329550.D1G0BACXX.7.250130035"
"1271","PI329551.D1G0BACXX.7.250130047"
"1272","PI329554.D1G0BACXX.7.250130059"
"1273","PI329556.D1G0BACXX.7.250130071"
"1274","PI329569.D1G0BACXX.7.250130083"
"1275","PI329570.D1G0BACXX.7.250130095"
"1276","PI329572.D1G0BACXX.7.250130012"
"1277","PI329583.D1G0BACXX.7.250130024"
"1278","PI329584.D1G0BACXX.7.250130036"
"1279","PI329585.D1G0BACXX.7.250130048"
"1280","PI329605.D1G0BACXX.7.250130060"
"1281","PI329606.D1G0BACXX.7.250130072"
"1282","PI329614.D1G0BACXX.7.250130084"
"1283","PI329615.D1G0BACXX.7.250130096"
"1284","PI329617.D1G0BACXX.7.250130013"
"1285","PI329618.D1G0BACXX.7.250130025"
"1286","PI329632.D1G0BACXX.7.250130037"
"1287","PI329644.D1G0BACXX.7.250130049"
"1288","PI329645.D1G0BACXX.7.250130061"
"1289","PI329646.D1G0BACXX.7.250130073"
"1290","PI329665.D1G0BACXX.7.250130085"
"1291","PI329673.D1G0BACXX.7.250130097"
"1292","PI329699.D1G0BACXX.7.250130014"
"1293","PI329700.D1G0BACXX.7.250130026"
"1294","PI329702.D1G0BACXX.7.250130038"
"1295","PI329704.D1G0BACXX.7.250130050"
"1296","PI329710.D1G0BACXX.7.250130062"
"1297","PI329711.D1G0BACXX.7.250130074"
"1298","PI329813.D1G0BACXX.7.250130086"
"1299","PI329814.D1G0BACXX.7.250130098"
"1300","PI329841.D1G0BACXX.7.250130015"
"1301","PI329843.D1G0BACXX.7.250130039"
"1302","PI329848.D1G0BACXX.7.250130051"
"1303","PI329849.D1G0BACXX.7.250130063"
"1304","PI329864.D1G0BACXX.7.250130075"
"1305","PI329865.D1G0BACXX.7.250130087"
"1306","PI329920.D1G0BACXX.7.250130099"
"1307","PI330167.D1G0BACXX.7.250129931"
"1308","PI330168.D1G0BACXX.7.250130028"
"1309","PI330169.D1G0BACXX.7.250129943"
"1310","PI330170.D1G0BACXX.7.250130052"
"1311","PI330181.D1G0BACXX.7.250130064"
"1312","PI330182.D1G0BACXX.7.250130076"
"1313","PI330184.D1EYBACXX.8.250140257"
"1314","PI330185.D1G0BACXX.7.250130100"
"1315","PI330192.D1G0BACXX.7.250130132"
"1316","PI330195.D1G0BACXX.7.250130144"
"1317","PI330196.D1G0BACXX.7.250130156"
"1318","PI330199.D1G0BACXX.7.250130168"
"1319","PI330796.D1G0BACXX.7.250130180"
"1320","PI330798.D1G0BACXX.7.250130192"
"1321","PI330803.D1G0BACXX.7.250130204"
"1322","PI330804.D1G0BACXX.7.250130216"
"1323","PI330807.D1G0BACXX.7.250130133"
"1324","PI330828.D1EYBACXX.8.250140258"
"1325","PI330833.D1G0BACXX.7.250130157"
"1326","PI330834.D1G0BACXX.7.250130169"
"1327","PI330835.D1G0BACXX.7.250130181"
"1328","PI330838.D1G0BACXX.7.250130193"
"1329","PI330847.D1G0BACXX.7.250130205"
"1330","PI330851.D1G0BACXX.7.250130217"
"1331","PI330857.D1G0BACXX.7.250130134"
"1332","PI330858.D1G0BACXX.7.250130146"
"1333","PI330867.D1G0BACXX.7.250130158"
"1334","PI337674.D1G0BACXX.7.250130170"
"1335","PI337676.D1G0BACXX.7.250130182"
"1336","PI337678.D1G0BACXX.7.250130194"
"1337","PI337680.D1G0BACXX.7.250130206"
"1338","PI337684.D1G0BACXX.7.250130218"
"1339","PI337685.D1G0BACXX.7.250130135"
"1340","PI337688.D1G0BACXX.7.250130147"
"1341","PI337689.D1G0BACXX.7.250130159"
"1342","PI34911.D0D0BACXX.6.250040586"
"1343","PI510907.D1G0BACXX.7.250130171"
"1344","PI510910.D1G0BACXX.7.250130183"
"1345","PI510911.D1G0BACXX.7.250130195"
"1346","PI510925.D1G0BACXX.7.250130207"
"1347","PI510926.D1G0BACXX.7.250130219"
"1348","PI510931.D1G0BACXX.7.250130136"
"1349","PI510932.D1G0BACXX.7.250130148"
"1350","PI510958.D1G0BACXX.7.250130160"
"1351","PI510959.D1G0BACXX.7.250130172"
"1352","PI510966.D1G0BACXX.7.250130184"
"1353","PI510967.D1G0BACXX.7.250130196"
"1354","PI510968.D1G0BACXX.7.250129908"
"1355","PI510969.D1G0BACXX.7.250130220"
"1356","PI510979.D1G0BACXX.7.250130137"
"1357","PI510990.D1G0BACXX.7.250130149"
"1358","PI510991.D1G0BACXX.7.250130161"
"1359","PI511008.D1G0BACXX.7.250130173"
"1360","PI511009.D1G0BACXX.7.250130185"
"1361","PI514456.D1G0BACXX.7.250130197"
"1362","PI514610.D1G0BACXX.7.250130209"
"1363","PI514617.D1G0BACXX.7.250129906"
"1364","PI521833.D1G0BACXX.7.250130221"
"1365","PI533750.C00TDABXX.1.250004128"
"1366","PI533752.C00TDABXX.1.250004184"
"1367","PI533754.C00TDABXX.1.250004163"
"1368","PI533755.C00TDABXX.1.250004126"
"1369","PI533757.C00TDABXX.1.250004116"
"1370","PI533758.C00TDABXX.1.250004165"
"1371","PI533759.C00TDABXX.1.250004117"
"1372","PI533760.B064FABXX.2.250009846"
"1373","PI533761.C00TDABXX.1.250004164"
"1374","PI533762.C00TDABXX.1.250004189"
"1375","PI533766.C00TDABXX.1.250004186"
"1376","PI533769.C00TDABXX.1.250004153"
"1377","PI533776.B064FABXX.2.250009823"
"1378","PI533785.C00TDABXX.1.250004119"
"1379","PI533788.C00TDABXX.1.250004115"
"1380","PI533789.C00TDABXX.1.250004159"
"1381","PI533792.C00TDABXX.1.250004135"
"1382","PI533794.C00TDABXX.1.250004112"
"1383","PI533799.B064FABXX.2.250009875"
"1384","PI533800.C00TDABXX.1.250004173"
"1385","PI533807.C00TDABXX.1.250004150"
"1386","PI533810.C00TDABXX.1.250004099"
"1387","PI533814.C00TDABXX.1.250004107"
"1388","PI533821.C00TDABXX.1.250004109"
"1389","PI533822.B064FABXX.2.250009880"
"1390","PI533824.B064FABXX.2.250009830"
"1391","PI533831.B064FABXX.2.250009856"
"1392","PI533833.C00TDABXX.1.250004187"
"1393","PI533839.C00TDABXX.1.250004124"
"1394","PI533841.B064FABXX.2.250009822"
"1395","PI533842.C00TDABXX.1.250004174"
"1396","PI533843.B064FABXX.2.250009811"
"1397","PI533845.B064FABXX.2.250009814"
"1398","PI533852.B064FABXX.2.250009865"
"1399","PI533856.C00TDABXX.1.250004166"
"1400","PI533863.C00TDABXX.1.250004100"
"1401","PI533866.B064FABXX.2.250009824"
"1402","PI533869.C00TDABXX.1.250004167"
"1403","PI533876.C00TDABXX.2.250020296"
"1404","PI533877.C00TDABXX.1.250004121"
"1405","PI533878.B064FABXX.2.250009859"
"1406","PI533882.B064FABXX.2.250009868"
"1407","PI533901.C00TDABXX.1.250004177"
"1408","PI533902.C00TDABXX.1.250004181"
"1409","PI533910.C00TDABXX.1.250004147"
"1410","PI533911.C00TDABXX.1.250004171"
"1411","PI533912.C00TDABXX.1.250004138"
"1412","PI533913.C00TDABXX.1.250004142"
"1413","PI533919.C00TDABXX.1.250004149"
"1414","PI533936.C00TDABXX.2.250020273"
"1415","PI533938.C00TDABXX.2.250020272"
"1416","PI533939.C00TDABXX.2.250020252"
"1417","PI533948.C00TDABXX.2.250020263"
"1418","PI533955.C00TDABXX.2.250020275"
"1419","PI533956.C00TDABXX.2.250020242"
"1420","PI533957.C00TDABXX.1.250004130"
"1421","PI533961.C00TDABXX.1.250004127"
"1422","PI533962.C00TDABXX.1.250004098"
"1423","PI533964.C00TDABXX.2.250020313"
"1424","PI533965.C00TDABXX.1.250004139"
"1425","PI533967.C00TDABXX.2.250020264"
"1426","PI533972.C00TDABXX.2.250020236"
"1427","PI533976.C00TDABXX.2.250020299"
"1428","PI533979.C00TDABXX.2.250020298"
"1429","PI533980.C00TDABXX.2.250020241"
"1430","PI533985.C00TDABXX.2.250020288"
"1431","PI533986.C00TDABXX.1.250004176"
"1432","PI533987.C00TDABXX.2.250020284"
"1433","PI533989.C00TDABXX.1.250004125"
"1434","PI533991.B064FABXX.2.250009905"
"1435","PI533996.C00TDABXX.2.250020224"
"1436","PI533997.C00TDABXX.1.250004122"
"1437","PI533998.C00TDABXX.2.250020228"
"1438","PI534009.C00TDABXX.1.250004102"
"1439","PI534021.C00TDABXX.2.250020253"
"1440","PI534028.C00TDABXX.1.250004154"
"1441","PI534037.C00TDABXX.1.250004151"
"1442","PI534054.C00TDABXX.2.250020266"
"1443","PI534063.B064FABXX.2.250009862"
"1444","PI534070.C00TDABXX.1.250004136"
"1445","PI534075.D0D0BACXX.6.250040589"
"1446","PI534079.C00TDABXX.1.250004131"
"1447","PI534088.C00TDABXX.1.250004101"
"1448","PI534092.C00TDABXX.2.250020233"
"1449","PI534096.C00TDABXX.2.250020285"
"1450","PI534097.C00TDABXX.2.250020274"
"1451","PI534099.C00TDABXX.2.250020312"
"1452","PI534101.C00TDABXX.2.250020267"
"1453","PI534104.C00TDABXX.2.250020243"
"1454","PI534105.C00TDABXX.2.250020262"
"1455","PI534108.C00TDABXX.2.250020270"
"1456","PI534112.C00TDABXX.1.250004152"
"1457","PI534114.C00TDABXX.1.250004144"
"1458","PI534115.B064FABXX.2.250009817"
"1459","PI534116.D0D0BACXX.6.250040571"
"1460","PI534117.C00TDABXX.1.250004156"
"1461","PI534123.C00TDABXX.1.250004133"
"1462","PI534124.C00TDABXX.1.250004106"
"1463","PI534127.C00TDABXX.1.250004114"
"1464","PI534128.C00TDABXX.1.250004146"
"1465","PI534132.C00TDABXX.1.250004168"
"1466","PI534133.B064FABXX.2.250009836"
"1467","PI534135.C00TDABXX.1.250004170"
"1468","PI534137.C00TDABXX.1.250004137"
"1469","PI534139.B064FABXX.2.250009810"
"1470","PI534144.C00TDABXX.1.250004180"
"1471","PI534145.C00TDABXX.1.250004172"
"1472","PI534148.B064FABXX.2.250009902"
"1473","PI534155.C00TDABXX.1.250004097"
"1474","PI534157.C00TDABXX.1.250004161"
"1475","PI534163.C00TDABXX.1.250004105"
"1476","PI534167.B064FABXX.2.250009874"
"1477","PI540816.B064FABXX.2.250009832"
"1478","PI548797.D0D0BACXX.6.250040590"
"1479","PI552856.C00TDABXX.7.250018482"
"1480","PI552861.C00TDABXX.1.250004113"
"1481","PI561072.C00TDABXX.7.250018541"
"1482","PI561073.C00TDABXX.1.250004095"
"1483","PI562985.D1EYBACXX.8.250140348"
"1484","PI562989.D1G0BACXX.7.250130138"
"1485","PI563006.D1EYBACXX.8.250140337"
"1486","PI563009.D1G0BACXX.7.250130150"
"1487","PI563151.D1G0BACXX.7.250130162"
"1488","PI563153.D1G0BACXX.7.250130174"
"1489","PI563154.D1G0BACXX.7.250130186"
"1490","PI563155.D1G0BACXX.7.250130198"
"1491","PI563156.D1G0BACXX.7.250130210"
"1492","PI563157.D1G0BACXX.7.250130222"
"1493","PI563163.D1G0BACXX.7.250130139"
"1494","PI563196.D1G0BACXX.7.250130163"
"1495","PI563198.D1G0BACXX.7.250130175"
"1496","PI563199.D1G0BACXX.7.250130187"
"1497","PI563200.D1G0BACXX.7.250130199"
"1498","PI563207.D1G0BACXX.7.250130211"
"1499","PI563208.D1G0BACXX.7.250129968"
"1500","PI563209.D1G0BACXX.7.250130140"
"1501","PI563219.D1G0BACXX.7.250130152"
"1502","PI563289.D1G0BACXX.7.250130164"
"1503","PI563334.D1G0BACXX.7.250130176"
"1504","PI563338.D1G0BACXX.7.250130188"
"1505","PI563343.D1G0BACXX.7.250130200"
"1506","PI563348.D1G0BACXX.7.250130212"
"1507","PI563350.D1G0BACXX.7.250130224"
"1508","PI563359.D1G0BACXX.7.250130141"
"1509","PI563364.D1G0BACXX.7.250130153"
"1510","PI563366.D1G0BACXX.7.250130165"
"1511","PI563377.D1G0BACXX.7.250130177"
"1512","PI563378.D1G0BACXX.7.250130189"
"1513","PI563482.D1G0BACXX.7.250130201"
"1514","PI563483.D1G0BACXX.7.250130213"
"1515","PI563484.D1G0BACXX.7.250130225"
"1516","PI563485.D1G0BACXX.7.250130142"
"1517","PI563486.D1G0BACXX.7.250130154"
"1518","PI563487.D1G0BACXX.7.250130166"
"1519","PI563489.D1G0BACXX.7.250130178"
"1520","PI563490.D1G0BACXX.7.250130190"
"1521","PI563491.D1G0BACXX.7.250130202"
"1522","PI563492.D1G0BACXX.7.250130214"
"1523","PI563497.D1G0BACXX.7.250130226"
"1524","PI563513.D1G0BACXX.7.250129894"
"1525","PI563515.D1G0BACXX.7.250130143"
"1526","PI563516.D1EYBACXX.8.250140219"
"1527","PI564163.C00TDABXX.7.250018460"
"1528","PI564165.D0D0BACXX.6.250040582"
"1529","PI569012.D1G0BACXX.7.250130167"
"1530","PI569803.D1G0BACXX.7.250130179"
"1531","PI569804.D1G0BACXX.7.250130191"
"1532","PI569805.D1G0BACXX.7.250130203"
"1533","PI569819.D1G0BACXX.7.250130215"
"1534","PI569833.D1G0BACXX.7.250130227"
"1535","PI569834.D1FY1ACXX.8.250123305"
"1536","PI569847.D1FY1ACXX.8.250123306"
"1537","PI569860.D1FY1ACXX.8.250123308"
"1538","PI569869.D1FY1ACXX.8.250123309"
"1539","PI569870.D1FY1ACXX.8.250123310"
"1540","PI569873.D1FY1ACXX.8.250123311"
"1541","PI569875.D1FY1ACXX.8.250123312"
"1542","PI569876.D1FY1ACXX.8.250123313"
"1543","PI569886.D1FY1ACXX.8.250123315"
"1544","PI570119.D1FY1ACXX.8.250123316"
"1545","PI570120.D1FY1ACXX.8.250123317"
"1546","PI570122.D1FY1ACXX.8.250123318"
"1547","PI570123.D1FY1ACXX.8.250123319"
"1548","PI570124.D1FY1ACXX.8.250123320"
"1549","PI570125.D1FY1ACXX.8.250123321"
"1550","PI570126.D1FY1ACXX.8.250123322"
"1551","PI570127.D1FY1ACXX.8.250123323"
"1552","PI570130.D1FY1ACXX.8.250123325"
"1553","PI570136.D1FY1ACXX.8.250123326"
"1554","PI570137.D1FY1ACXX.8.250123327"
"1555","PI570139.D1FY1ACXX.8.250123328"
"1556","PI570145.D1FY1ACXX.8.250123329"
"1557","PI570146.D1FY1ACXX.8.250123330"
"1558","PI570149.D1FY1ACXX.8.250123331"
"1559","PI570154.D1FY1ACXX.8.250123332"
"1560","PI570155.D1FY1ACXX.8.250123333"
"1561","PI570157.D1FY1ACXX.8.250123334"
"1562","PI570158.D1FY1ACXX.8.250123335"
"1563","PI570159.D1FY1ACXX.8.250123336"
"1564","PI570160.D1FY1ACXX.8.250123337"
"1565","PI570162.D1FY1ACXX.8.250123338"
"1566","PI570163.D1FY1ACXX.8.250123339"
"1567","PI570164.D1FY1ACXX.8.250123340"
"1568","PI570166.D1FY1ACXX.8.250123341"
"1569","PI570168.D1FY1ACXX.8.250123342"
"1570","PI570171.D1FY1ACXX.8.250123343"
"1571","PI570174.D1FY1ACXX.8.250123345"
"1572","PI570176.D1FY1ACXX.8.250123346"
"1573","PI570189.D1FY1ACXX.8.250123347"
"1574","PI570190.D1FY1ACXX.8.250123348"
"1575","PI570191.D1FY1ACXX.8.250123349"
"1576","PI570218.D1FY1ACXX.8.250123350"
"1577","PI570219.D1FY1ACXX.8.250123351"
"1578","PI570220.D1FY1ACXX.8.250123352"
"1579","PI570228.D1FY1ACXX.8.250123353"
"1580","PI570229.D1FY1ACXX.8.250123354"
"1581","PI570233.D1FY1ACXX.8.250123355"
"1582","PI570234.D1FY1ACXX.8.250123356"
"1583","PI570237.D1FY1ACXX.8.250123357"
"1584","PI570244.D1FY1ACXX.8.250123359"
"1585","PI570248.D1FY1ACXX.8.250123361"
"1586","PI570249.D1FY1ACXX.8.250123362"
"1587","PI570252.D1FY1ACXX.8.250123364"
"1588","PI570254.D1FY1ACXX.8.250123365"
"1589","PI570255.D1FY1ACXX.8.250123366"
"1590","PI570256.D1FY1ACXX.8.250123367"
"1591","PI570260.D1FY1ACXX.8.250123368"
"1592","PI570261.D1FY1ACXX.8.250123369"
"1593","PI570262.D1FY1ACXX.8.250123370"
"1594","PI570271.D1FY1ACXX.8.250123371"
"1595","PI570278.D1FY1ACXX.8.250123372"
"1596","PI570279.D1FY1ACXX.8.250123373"
"1597","PI570284.D1FY1ACXX.8.250123374"
"1598","PI570288.D1FY1ACXX.8.250123375"
"1599","PI570289.D1FY1ACXX.8.250123376"
"1600","PI570292.D1FY1ACXX.8.250123377"
"1601","PI570294.D1FY1ACXX.8.250123378"
"1602","PI570295.D1FY1ACXX.8.250123379"
"1603","PI570296.D1FY1ACXX.8.250123380"
"1604","PI570393.D1FY1ACXX.8.250123381"
"1605","PI570494.D1FY1ACXX.8.250123382"
"1606","PI570498.D1FY1ACXX.8.250123383"
"1607","PI570501.D1FY1ACXX.8.250123385"
"1608","PI570503.D1FY1ACXX.8.250123386"
"1609","PI570504.D1FY1ACXX.8.250123387"
"1610","PI570505.D1FY1ACXX.8.250123388"
"1611","PI570511.D1FY1ACXX.8.250123389"
"1612","PI570512.D1FY1ACXX.8.250123390"
"1613","PI570518.D1FY1ACXX.8.250123391"
"1614","PI570523.D1FY1ACXX.8.250123392"
"1615","PI570524.D1FY1ACXX.8.250123393"
"1616","PI570528.D1FY1ACXX.8.250123394"
"1617","PI570539.D1FY1ACXX.8.250123395"
"1618","PI570546.D1FY1ACXX.8.250123396"
"1619","PI570549.D1FY1ACXX.8.250123397"
"1620","PI570550.D1FY1ACXX.8.250123398"
"1621","PI570554.D1FY1ACXX.8.250123399"
"1622","PI570570.D1EYBACXX.8.250140298"
"1623","PI570571.D1EYBACXX.8.250140358"
"1624","PI570575.D1G0BACXX.7.250129945"
"1625","PI570576.D1G0BACXX.7.250129957"
"1626","PI570584.D1EYBACXX.8.250140350"
"1627","PI570588.D1EYBACXX.8.250140362"
"1628","PI570603.D1EYBACXX.8.250140374"
"1629","PI570604.D1EYBACXX.8.250140387"
"1630","PI570917.D1G0BACXX.7.250130005"
"1631","PI570918.D1G0BACXX.7.250130091"
"1632","PI571246.D1G0BACXX.7.250130023"
"1633","PI571253.D1G0BACXX.7.250130027"
"1634","PI571256.D1G0BACXX.7.250130088"
"1635","PI571261.D1G0BACXX.7.250130145"
"1636","PI571262.D1G0BACXX.7.250130208"
"1637","PI571273.D1G0BACXX.7.250130155"
"1638","PI571275.D1EYBACXX.8.250140208"
"1639","PI571299.D1EYBACXX.8.250140209"
"1640","PI571302.D1EYBACXX.8.250140210"
"1641","PI571370.D1EYBACXX.8.250140211"
"1642","PI571376.D1EYBACXX.8.250140212"
"1643","PI576333.C00TDABXX.2.250020311"
"1644","PI576339.C00TDABXX.2.250020255"
"1645","PI576340.C00TDABXX.2.250020287"
"1646","PI576348.C00TDABXX.2.250020290"
"1647","PI576349.C00TDABXX.2.250020314"
"1648","PI576350.B064FABXX.2.250009877"
"1649","PI576352.C00TDABXX.2.250020289"
"1650","PI576359.C00TDABXX.2.250020256"
"1651","PI576364.C00TDABXX.2.250020301"
"1652","PI576366.C00TDABXX.2.250020254"
"1653","PI576375.C00TDABXX.2.250020279"
"1654","PI576376.C00TDABXX.2.250020291"
"1655","PI576380.B064FABXX.2.250009887"
"1656","PI576381.C00TDABXX.2.250020315"
"1657","PI576385.C00TDABXX.2.250020280"
"1658","PI576386.B064FABXX.2.250009904"
"1659","PI576387.C00TDABXX.2.250020248"
"1660","PI576390.C00TDABXX.1.250004185"
"1661","PI576399.C00TDABXX.1.250004120"
"1662","PI576401.B064FABXX.2.250009837"
"1663","PI576422.C00TDABXX.2.250020238"
"1664","PI576425.C00TDABXX.2.250020317"
"1665","PI576426.C00TDABXX.2.250020303"
"1666","PI576428.C00TDABXX.2.250020257"
"1667","PI576435.C00TDABXX.2.250020259"
"1668","PI576437.C00TDABXX.2.250020250"
"1669","PI585291.D0D0BACXX.6.250040591"
"1670","PI585379.D1EYBACXX.8.250140213"
"1671","PI585394.D1EYBACXX.8.250140214"
"1672","PI585405.D1EYBACXX.8.250140215"
"1673","PI585406.D1G0BACXX.7.250129916"
"1674","PI585411.D1G0BACXX.7.250129942"
"1675","PI585412.D1G0BACXX.7.250129954"
"1676","PI585413.D1G0BACXX.7.250129969"
"1677","PI585414.D1G0BACXX.7.250129966"
"1678","PI585415.D1G0BACXX.7.250129883"
"1679","PI585416.D1G0BACXX.7.250129886"
"1680","PI585417.D1G0BACXX.7.250129898"
"1681","PI585418.D1G0BACXX.7.250129907"
"1682","PI585423.D1G0BACXX.7.250129910"
"1683","PI585448.D1G0BACXX.7.250129955"
"1684","PI585449.D1G0BACXX.7.250129967"
"1685","PI585452.D1G0BACXX.7.250129884"
"1686","PI585453.D1G0BACXX.7.250129896"
"1687","PI585454.D1G0BACXX.7.250129922"
"1688","PI585455.D1G0BACXX.7.250129934"
"1689","PI585456.D1G0BACXX.7.250129920"
"1690","PI585457.D1G0BACXX.7.250129932"
"1691","PI585461.D1G0BACXX.7.250129944"
"1692","PI585467.D1G0BACXX.7.250129956"
"1693","PI585468.D1G0BACXX.7.250129885"
"1694","PI585469.D1G0BACXX.7.250129897"
"1695","PI585470.D1G0BACXX.7.250129909"
"1696","PI585471.D1G0BACXX.7.250129921"
"1697","PI585472.D1G0BACXX.7.250129933"
"1698","PI585572.D1G0BACXX.7.250129946"
"1699","PI585573.D1EYBACXX.8.250140220"
"1700","PI585574.D1G0BACXX.7.250129958"
"1701","PI585576.D1G0BACXX.7.250129970"
"1702","PI585577.D1EYBACXX.8.250140221"
"1703","PI585578.D1EYBACXX.8.250140222"
"1704","PI585579.D1EYBACXX.8.250140223"
"1705","PI585580.D1EYBACXX.8.250140224"
"1706","PI585581.D1EYBACXX.8.250140225"
"1707","PI585582.D1G0BACXX.7.250129887"
"1708","PI585583.D1EYBACXX.8.250140226"
"1709","PI585590.D1EYBACXX.8.250140227"
"1710","PI585595.D1EYBACXX.8.250140228"
"1711","PI585596.D1G0BACXX.7.250129899"
"1712","PI585600.D1G0BACXX.7.250129911"
"1713","PI585602.D1EYBACXX.8.250140229"
"1714","PI585607.D1EYBACXX.8.250140230"
"1715","PI585608.D1EYBACXX.8.250140231"
"1716","PI585609.D1EYBACXX.8.250140232"
"1717","PI585971.D1G0BACXX.7.250129923"
"1718","PI585981.D1G0BACXX.7.250129935"
"1719","PI585985.D1EYBACXX.8.250140234"
"1720","PI585987.D1EYBACXX.8.250140235"
"1721","PI585991.D1EYBACXX.8.250140237"
"1722","PI585992.D1EYBACXX.8.250140238"
"1723","PI586008.D1EYBACXX.8.250140240"
"1724","PI586028.D1EYBACXX.8.250140241"
"1725","PI586032.D1EYBACXX.8.250140242"
"1726","PI586033.D1EYBACXX.8.250140243"
"1727","PI586034.D1EYBACXX.8.250140244"
"1728","PI586035.D1EYBACXX.8.250140245"
"1729","PI586036.D1EYBACXX.8.250140246"
"1730","PI586037.D1EYBACXX.8.250140247"
"1731","PI586038.D1EYBACXX.8.250140248"
"1732","PI586039.D1EYBACXX.8.250140249"
"1733","PI586040.D1EYBACXX.8.250140250"
"1734","PI586041.D1EYBACXX.8.250140251"
"1735","PI586042.D1EYBACXX.8.250140252"
"1736","PI586052.D1EYBACXX.8.250140253"
"1737","PI586054.D1EYBACXX.8.250140254"
"1738","PI586107.D1EYBACXX.8.250140255"
"1739","PI586108.D1G0BACXX.7.250129947"
"1740","PI586109.D1EYBACXX.8.250140256"
"1741","PI586110.D1FY1ACXX.8.250123432"
"1742","PI586111.D1FY1ACXX.8.250123433"
"1743","PI586112.D1FY1ACXX.8.250123434"
"1744","PI586113.D1FY1ACXX.8.250123435"
"1745","PI586114.D1FY1ACXX.8.250123436"
"1746","PI586115.D1FY1ACXX.8.250123437"
"1747","PI586117.D1FY1ACXX.8.250123438"
"1748","PI586118.D1FY1ACXX.8.250123439"
"1749","PI586119.D1FY1ACXX.8.250123440"
"1750","PI586120.D1FY1ACXX.8.250123441"
"1751","PI586123.D1FY1ACXX.8.250123442"
"1752","PI586124.D1FY1ACXX.8.250123443"
"1753","PI586128.D1FY1ACXX.8.250123444"
"1754","PI586137.D1FY1ACXX.8.250123445"
"1755","PI586141.D1FY1ACXX.8.250123446"
"1756","PI586142.D1FY1ACXX.8.250123447"
"1757","PI586147.D1FY1ACXX.8.250123448"
"1758","PI586148.D1FY1ACXX.8.250123449"
"1759","PI586150.D1FY1ACXX.8.250123450"
"1760","PI586151.D1FY1ACXX.8.250123451"
"1761","PI586153.D1FY1ACXX.8.250123452"
"1762","PI586154.D1FY1ACXX.8.250123453"
"1763","PI586155.D1FY1ACXX.8.250123454"
"1764","PI586156.D1FY1ACXX.8.250123455"
"1765","PI586157.D1FY1ACXX.8.250123456"
"1766","PI586158.D1FY1ACXX.8.250123457"
"1767","PI586159.D1FY1ACXX.8.250123458"
"1768","PI586160.D1FY1ACXX.8.250123459"
"1769","PI586161.D1FY1ACXX.8.250123460"
"1770","PI586162.D1FY1ACXX.8.250123461"
"1771","PI586163.D1FY1ACXX.8.250123462"
"1772","PI586164.D1FY1ACXX.8.250123463"
"1773","PI586165.D1FY1ACXX.8.250123464"
"1774","PI586166.D1FY1ACXX.8.250123465"
"1775","PI586167.D1EYBACXX.8.250140352"
"1776","PI586168.D1FY1ACXX.8.250123467"
"1777","PI586169.D1FY1ACXX.8.250123468"
"1778","PI586172.D1FY1ACXX.8.250123469"
"1779","PI586173.D1FY1ACXX.8.250123470"
"1780","PI586174.D1FY1ACXX.8.250123471"
"1781","PI586175.D1FY1ACXX.8.250123472"
"1782","PI586176.D1FY1ACXX.8.250123473"
"1783","PI586178.D1FY1ACXX.8.250123474"
"1784","PI586179.D1FY1ACXX.8.250123475"
"1785","PI586181.D1FY1ACXX.8.250123476"
"1786","PI586182.D1FY1ACXX.8.250123477"
"1787","PI586183.D1FY1ACXX.8.250123478"
"1788","PI586184.D1FY1ACXX.8.250123479"
"1789","PI586185.D1FY1ACXX.8.250123480"
"1790","PI586201.D1FY1ACXX.8.250123481"
"1791","PI586205.D1FY1ACXX.8.250123482"
"1792","PI586239.D1FY1ACXX.8.250123483"
"1793","PI586259.D1FY1ACXX.8.250123484"
"1794","PI586272.D1FY1ACXX.8.250123485"
"1795","PI586356.D1FY1ACXX.8.250123486"
"1796","PI586357.D1FY1ACXX.8.250123487"
"1797","PI586359.D1FY1ACXX.8.250123488"
"1798","PI586360.D1FY1ACXX.8.250123489"
"1799","PI586361.D1FY1ACXX.8.250123490"
"1800","PI586362.D1FY1ACXX.8.250123491"
"1801","PI586363.D1FY1ACXX.8.250123492"
"1802","PI586364.D1FY1ACXX.8.250123493"
"1803","PI586365.D1FY1ACXX.8.250123494"
"1804","PI586366.D1FY1ACXX.8.250123495"
"1805","PI586367.D1FY1ACXX.8.250123496"
"1806","PI586368.D1FY1ACXX.8.250123497"
"1807","PI586369.D1FY1ACXX.8.250123498"
"1808","PI586370.D1FY1ACXX.8.250123499"
"1809","PI586371.D1FY1ACXX.8.250123500"
"1810","PI586374.D1FY1ACXX.8.250123501"
"1811","PI586377.D1FY1ACXX.8.250123503"
"1812","PI586378.D1FY1ACXX.8.250123504"
"1813","PI586387.D1FY1ACXX.8.250123505"
"1814","PI586388.D1FY1ACXX.8.250123506"
"1815","PI586394.D1FY1ACXX.8.250123507"
"1816","PI586403.D1FY1ACXX.8.250123508"
"1817","PI586404.D1FY1ACXX.8.250123509"
"1818","PI586405.D1FY1ACXX.8.250123510"
"1819","PI586464.D1FY1ACXX.8.250123511"
"1820","PI586465.D1FY1ACXX.8.250123512"
"1821","PI586466.D1FY1ACXX.8.250123513"
"1822","PI586467.D1FY1ACXX.8.250123514"
"1823","PI586470.D1FY1ACXX.8.250123515"
"1824","PI586471.D1FY1ACXX.8.250123516"
"1825","PI586472.D1FY1ACXX.8.250123517"
"1826","PI586473.D1FY1ACXX.8.250123518"
"1827","PI586476.D1FY1ACXX.8.250123519"
"1828","PI586477.D1FY1ACXX.8.250123520"
"1829","PI586479.D1FY1ACXX.8.250123521"
"1830","PI586480.D1FY1ACXX.8.250123522"
"1831","PI586481.D1FY1ACXX.8.250123523"
"1832","PI586482.D1FY1ACXX.8.250123524"
"1833","PI586483.D1FY1ACXX.8.250123525"
"1834","PI586493.D1FY1ACXX.8.250123526"
"1835","PI586498.D1FY1ACXX.8.250123527"
"1836","PI586499.D1FY1ACXX.8.250123559"
"1837","PI586500.D1FY1ACXX.8.250123560"
"1838","PI586501.D1FY1ACXX.8.250123561"
"1839","PI586503.D1FY1ACXX.8.250123562"
"1840","PI586510.D1FY1ACXX.8.250123563"
"1841","PI586511.D1FY1ACXX.8.250123564"
"1842","PI595699.C00TDABXX.2.250020278"
"1843","PI595702.C00TDABXX.2.250020244"
"1844","PI595718.C00TDABXX.2.250020318"
"1845","PI595739.C00TDABXX.2.250020237"
"1846","PI595740.B064FABXX.2.250009845"
"1847","PI595743.C00TDABXX.2.250020239"
"1848","PI595744.C00TDABXX.2.250020260"
"1849","PI595745.C00TDABXX.2.250020294"
"1850","PI597945.C00TDABXX.2.250020246"
"1851","PI597946.C00TDABXX.2.250020297"
"1852","PI597949.C00TDABXX.2.250020281"
"1853","PI597950.C00TDABXX.1.250004111"
"1854","PI597951.C00TDABXX.2.250020269"
"1855","PI597952.C00TDABXX.2.250020271"
"1856","PI597953.D1FY1ACXX.8.250123565"
"1857","PI597954.D1FY1ACXX.8.250123566"
"1858","PI597957.C00TDABXX.2.250020230"
"1859","PI597958.D0D0BACXX.6.250040570"
"1860","PI597960.C00TDABXX.2.250020304"
"1861","PI597961.C00TDABXX.2.250020316"
"1862","PI597964.C00TDABXX.2.250020251"
"1863","PI597965.B064FABXX.1.250010017"
"1864","PI597966.C00TDABXX.2.250020282"
"1865","PI597967.B064FABXX.2.250009840"
"1866","PI597968.C00TDABXX.2.250020261"
"1867","PI597973.C00TDABXX.2.250020283"
"1868","PI597980.B064FABXX.2.250009879"
"1869","PI597982.B064FABXX.2.250009825"
"1870","PI598070.D0D0BACXX.6.250040598"
"1871","PI601816.D0D0BACXX.6.250040534"
"1872","PI607931.C00TDABXX.1.250004155"
"1873","PI608862.D1FY1ACXX.8.250123567"
"1874","PI608863.D1FY1ACXX.8.250123568"
"1875","PI608864.D1FY1ACXX.8.250123569"
"1876","PI608865.D1FY1ACXX.8.250123570"
"1877","PI608957.D1EYBACXX.8.250140375"
"1878","PI609094.D1FY1ACXX.8.250123571"
"1879","PI609200.D1FY1ACXX.8.250123572"
"1880","PI609918.D1FY1ACXX.8.250123573"
"1881","PI609919.D1FY1ACXX.8.250123574"
"1882","PI610034.D1FY1ACXX.8.250123575"
"1883","PI612776.D1FY1ACXX.8.250123576"
"1884","PI612777.D1FY1ACXX.8.250123577"
"1885","PI619639.D1FY1ACXX.8.250123578"
"1886","PI619640.D1FY1ACXX.8.250123579"
"1887","PI619641.D1FY1ACXX.8.250123580"
"1888","PI619642.D1FY1ACXX.8.250123581"
"1889","PI619643.D1FY1ACXX.8.250123582"
"1890","PI619688.D1FY1ACXX.8.250123583"
"1891","PI619689.D1FY1ACXX.8.250123584"
"1892","PI619695.D1FY1ACXX.8.250123585"
"1893","PI619696.D1FY1ACXX.8.250123586"
"1894","PI619697.D1FY1ACXX.8.250123587"
"1895","PI619698.D1FY1ACXX.8.250123588"
"1896","PI619701.D1FY1ACXX.8.250123589"
"1897","PI619702.D1FY1ACXX.8.250123590"
"1898","PI619713.D1FY1ACXX.8.250123591"
"1899","PI619716.D1FY1ACXX.8.250123592"
"1900","PI619719.D1FY1ACXX.8.250123593"
"1901","PI619720.D1FY1ACXX.8.250123594"
"1902","PI619721.D1FY1ACXX.8.250123595"
"1903","PI619733.D1FY1ACXX.8.250123596"
"1904","PI619734.D1FY1ACXX.8.250123597"
"1905","PI619735.D1FY1ACXX.8.250123598"
"1906","PI619765.D1FY1ACXX.8.250123599"
"1907","PI619773.D1FY1ACXX.8.250123600"
"1908","PI619807.D1EYBACXX.8.250140364"
"1909","PI619813.D1FY1ACXX.8.250123602"
"1910","PI619816.D1FY1ACXX.8.250123603"
"1911","PI619829.D1FY1ACXX.8.250123604"
"1912","PI619830.D1FY1ACXX.8.250123605"
"1913","PI619838.D1FY1ACXX.8.250123607"
"1914","PI619860.D1FY1ACXX.8.250123608"
"1915","PI619863.D1FY1ACXX.8.250123609"
"1916","PI619879.D1FY1ACXX.8.250123610"
"1917","PI619890.D1FY1ACXX.8.250123611"
"1918","PI619896.D1FY1ACXX.8.250123612"
"1919","PI619897.D1FY1ACXX.8.250123613"
"1920","PI619901.D1FY1ACXX.8.250123614"
"1921","PI619902.D1FY1ACXX.8.250123615"
"1922","PI619903.D1FY1ACXX.8.250123616"
"1923","PI619904.D1FY1ACXX.8.250123617"
"1924","PI619920.D1FY1ACXX.8.250123619"
"1925","PI619921.D1FY1ACXX.8.250123620"
"1926","PI619928.D1FY1ACXX.8.250123621"
"1927","PI619930.D1FY1ACXX.8.250123622"
"1928","PI619932.D1FY1ACXX.8.250123623"
"1929","PI619933.D1FY1ACXX.8.250123624"
"1930","PI619935.D1FY1ACXX.8.250123625"
"1931","PI619938.D1FY1ACXX.8.250123626"
"1932","PI619939.D1FY1ACXX.8.250123627"
"1933","PI619941.D1FY1ACXX.8.250123628"
"1934","PI619950.D1FY1ACXX.8.250123629"
"1935","PI619955.D1FY1ACXX.8.250123630"
"1936","PI619956.D1FY1ACXX.8.250123631"
"1937","PI619958.D1FY1ACXX.8.250123632"
"1938","PI619959.D1FY1ACXX.8.250123633"
"1939","PI619960.D1FY1ACXX.8.250123634"
"1940","PI619962.D1FY1ACXX.8.250123635"
"1941","PI619970.D1FY1ACXX.8.250123636"
"1942","PI619972.D1FY1ACXX.8.250123637"
"1943","PI619978.D1FY1ACXX.8.250123638"
"1944","PI619981.D1FY1ACXX.8.250123639"
"1945","PI619982.D1FY1ACXX.8.250123640"
"1946","PI619983.D1FY1ACXX.8.250123641"
"1947","PI619986.D1FY1ACXX.8.250123642"
"1948","PI619987.D1FY1ACXX.8.250123643"
"1949","PI619988.D1FY1ACXX.8.250123644"
"1950","PI619989.D1FY1ACXX.8.250123645"
"1951","PI619994.D1FY1ACXX.8.250123646"
"1952","PI620007.D1FY1ACXX.8.250123647"
"1953","PI620020.D1FY1ACXX.8.250123648"
"1954","PI620024.D1FY1ACXX.8.250123649"
"1955","PI620026.D1FY1ACXX.8.250123650"
"1956","PI620050.D1FY1ACXX.8.250123651"
"1957","PI620055.D1FY1ACXX.8.250123652"
"1958","PI620072.D1FY1ACXX.8.250123654"
"1959","PI620083.D1FY1ACXX.8.250123687"
"1960","PI620086.D1FY1ACXX.8.250123688"
"1961","PI620090.D1FY1ACXX.8.250123689"
"1962","PI620092.D1FY1ACXX.8.250123690"
"1963","PI620094.D1FY1ACXX.8.250123692"
"1964","PI620097.D1FY1ACXX.8.250123694"
"1965","PI620102.D1FY1ACXX.8.250123695"
"1966","PI620105.D1FY1ACXX.8.250123696"
"1967","PI620106.D1FY1ACXX.8.250123697"
"1968","PI620110.D1FY1ACXX.8.250123698"
"1969","PI620111.D1FY1ACXX.8.250123699"
"1970","PI620112.D1FY1ACXX.8.250123700"
"1971","PI620119.D1FY1ACXX.8.250123702"
"1972","PI620120.D1FY1ACXX.8.250123703"
"1973","PI620121.D1FY1ACXX.8.250123704"
"1974","PI620122.D1FY1ACXX.8.250123705"
"1975","PI620129.D1FY1ACXX.8.250123706"
"1976","PI620140.D1FY1ACXX.8.250123707"
"1977","PI620150.D1FY1ACXX.8.250123708"
"1978","PI620156.D1FY1ACXX.8.250123709"
"1979","PI620157.D1FY1ACXX.8.250123710"
"1980","PI620173.D1FY1ACXX.8.250123712"
"1981","PI620180.D1FY1ACXX.8.250123713"
"1982","PI620181.D1FY1ACXX.8.250123714"
"1983","PI620367.D1FY1ACXX.8.250123715"
"1984","PI620368.D1FY1ACXX.8.250123716"
"1985","PI620369.D1FY1ACXX.8.250123717"
"1986","PI620370.D1FY1ACXX.8.250123718"
"1987","PI620371.D1FY1ACXX.8.250123719"
"1988","PI620372.D1FY1ACXX.8.250123720"
"1989","PI620373.D1FY1ACXX.8.250123721"
"1990","PI620375.D1FY1ACXX.8.250123722"
"1991","PI620376.D1FY1ACXX.8.250123723"
"1992","PI620377.D1FY1ACXX.8.250123724"
"1993","PI620382.D1FY1ACXX.8.250123725"
"1994","PI620383.D1FY1ACXX.8.250123726"
"1995","PI620385.D1FY1ACXX.8.250123727"
"1996","PI620386.D1FY1ACXX.8.250123728"
"1997","PI620396.D1FY1ACXX.8.250123729"
"1998","PI620405.D1FY1ACXX.8.250123730"
"1999","PI620406.D1FY1ACXX.8.250123731"
"2000","PI620409.D1FY1ACXX.8.250123732"
"2001","PI620411.D1FY1ACXX.8.250123733"
"2002","PI620414.D1FY1ACXX.8.250123734"
"2003","PI620415.D1FY1ACXX.8.250123735"
"2004","PI620416.D1EYBACXX.8.250140376"
"2005","PI620417.D1FY1ACXX.8.250123737"
"2006","PI620418.D1FY1ACXX.8.250123738"
"2007","PI620423.D1FY1ACXX.8.250123739"
"2008","PI620424.D1FY1ACXX.8.250123740"
"2009","PI620430.D1FY1ACXX.8.250123741"
"2010","PI620431.D1FY1ACXX.8.250123742"
"2011","PI620434.D1FY1ACXX.8.250123743"
"2012","PI620435.D1FY1ACXX.8.250123744"
"2013","PI620446.D1FY1ACXX.8.250123745"
"2014","PI620447.D1FY1ACXX.8.250123746"
"2015","PI620448.D1FY1ACXX.8.250123747"
"2016","PI620449.D1FY1ACXX.8.250123748"
"2017","PI620453.D1FY1ACXX.8.250123750"
"2018","PI620454.D1FY1ACXX.8.250123751"
"2019","PI620459.D1FY1ACXX.8.250123752"
"2020","PI620460.D1FY1ACXX.8.250123753"
"2021","PI620461.D1FY1ACXX.8.250123754"
"2022","PI620463.D1FY1ACXX.8.250123755"
"2023","PI620466.D1FY1ACXX.8.250123756"
"2024","PI620467.D1FY1ACXX.8.250123757"
"2025","PI620469.D1FY1ACXX.8.250123758"
"2026","PI620472.D1FY1ACXX.8.250123759"
"2027","PI620473.D1FY1ACXX.8.250123760"
"2028","PI620475.D1FY1ACXX.8.250123761"
"2029","PI620476.D1FY1ACXX.8.250123762"
"2030","PI620477.D1FY1ACXX.8.250123763"
"2031","PI620478.D1FY1ACXX.8.250123764"
"2032","PI620479.D1FY1ACXX.8.250123765"
"2033","PI620480.D1FY1ACXX.8.250123766"
"2034","PI620483.D1FY1ACXX.8.250123767"
"2035","PI620484.D1FY1ACXX.8.250123768"
"2036","PI620493.D1FY1ACXX.8.250123769"
"2037","PI620494.D1FY1ACXX.8.250123770"
"2038","PI620495.D1FY1ACXX.8.250123771"
"2039","PI620496.D1FY1ACXX.8.250123772"
"2040","PI620500.D1FY1ACXX.8.250123773"
"2041","PI620501.D1FY1ACXX.8.250123774"
"2042","PI620514.D1FY1ACXX.8.250123775"
"2043","PI620515.D1FY1ACXX.8.250123776"
"2044","PI620516.D1FY1ACXX.8.250123777"
"2045","PI620517.D1FY1ACXX.8.250123778"
"2046","PI620519.D1FY1ACXX.8.250123779"
"2047","PI620520.D1FY1ACXX.8.250123780"
"2048","PI620521.D1FY1ACXX.8.250123781"
"2049","PI620522.D1G0BACXX.7.250129751"
"2050","PI620523.D1G0BACXX.7.250129763"
"2051","PI620524.D1G0BACXX.7.250129775"
"2052","PI620525.D1G0BACXX.7.250129787"
"2053","PI620527.D1G0BACXX.7.250129799"
"2054","PI620529.D1G0BACXX.7.250129811"
"2055","PI620535.D1G0BACXX.7.250129823"
"2056","PI620536.D1G0BACXX.7.250129835"
"2057","PI620537.D1G0BACXX.7.250129752"
"2058","PI620538.D1G0BACXX.7.250129764"
"2059","PI620539.D1G0BACXX.7.250129776"
"2060","PI620544.D1G0BACXX.7.250129788"
"2061","PI620545.D1G0BACXX.7.250129800"
"2062","PI620547.D1G0BACXX.7.250129812"
"2063","PI620548.D1G0BACXX.7.250129824"
"2064","PI620557.D1G0BACXX.7.250129836"
"2065","PI620560.D1G0BACXX.7.250129753"
"2066","PI620564.D1G0BACXX.7.250129765"
"2067","PI620565.D1G0BACXX.7.250129777"
"2068","PI620567.D1G0BACXX.7.250129789"
"2069","PI620570.D1G0BACXX.7.250129801"
"2070","PI620572.D1G0BACXX.7.250129813"
"2071","PI620578.D1G0BACXX.7.250129825"
"2072","PI620579.D1G0BACXX.7.250129837"
"2073","PI620610.D1G0BACXX.7.250129754"
"2074","PI620611.D1G0BACXX.7.250129766"
"2075","PI620615.D1G0BACXX.7.250129778"
"2076","PI620617.D1G0BACXX.7.250129790"
"2077","PI620624.D1G0BACXX.7.250129802"
"2078","PI642992.D0D0BACXX.6.250040573"
"2079","PI646200.D1G0BACXX.7.250129814"
"2080","PI646201.D1G0BACXX.7.250129826"
"2081","PI646202.D1G0BACXX.7.250129838"
"2082","PI646203.D1G0BACXX.7.250129755"
"2083","PI646205.D1G0BACXX.7.250129767"
"2084","PI646206.D1G0BACXX.7.250129779"
"2085","PI646207.D1G0BACXX.7.250129791"
"2086","PI646208.D1G0BACXX.7.250129803"
"2087","PI646209.D1G0BACXX.7.250129815"
"2088","PI646210.D1G0BACXX.7.250129827"
"2089","PI646211.D1G0BACXX.7.250129839"
"2090","PI646212.D1G0BACXX.7.250129756"
"2091","PI646213.D1G0BACXX.7.250129768"
"2092","PI646214.D1G0BACXX.7.250129780"
"2093","PI646215.D1G0BACXX.7.250129792"
"2094","PI646216.D1G0BACXX.7.250129804"
"2095","PI646217.D1G0BACXX.7.250129816"
"2096","PI646223.D1G0BACXX.7.250129828"
"2097","PI646230.D1G0BACXX.7.250129840"
"2098","PI646231.D1G0BACXX.7.250129757"
"2099","PI646233.D1G0BACXX.7.250129769"
"2100","PI646234.D1G0BACXX.7.250129781"
"2101","PI646236.D1G0BACXX.7.250129793"
"2102","PI646237.D1G0BACXX.7.250129805"
"2103","PI646239.D1G0BACXX.7.250129817"
"2104","PI646240.D1G0BACXX.7.250129829"
"2105","PI646241.D1G0BACXX.7.250129841"
"2106","PI646242.D1G0BACXX.7.250129758"
"2107","PI646243.D1G0BACXX.7.250129770"
"2108","PI646245.D1G0BACXX.7.250129794"
"2109","PI646246.D1G0BACXX.7.250129806"
"2110","PI646247.D1G0BACXX.7.250129818"
"2111","PI646249.D1G0BACXX.7.250129842"
"2112","PI646250.D1G0BACXX.7.250129759"
"2113","PI646251.D1G0BACXX.7.250129771"
"2114","PI646252.D1G0BACXX.7.250129783"
"2115","PI646254.D1G0BACXX.7.250129795"
"2116","PI646255.D1G0BACXX.7.250129807"
"2117","PI646256.D1G0BACXX.7.250129819"
"2118","PI646259.D1G0BACXX.7.250129831"
"2119","PI646260.D1G0BACXX.7.250129843"
"2120","PI646261.D1G0BACXX.7.250129760"
"2121","PI646262.D1G0BACXX.7.250129772"
"2122","PI646263.D1G0BACXX.7.250129784"
"2123","PI646264.D1G0BACXX.7.250129796"
"2124","PI646266.D1G0BACXX.7.250129808"
"2125","PI646267.D1G0BACXX.7.250129820"
"2126","PI646271.D1G0BACXX.7.250129832"
"2127","PI646279.D1G0BACXX.7.250129844"
"2128","PI646280.D1G0BACXX.7.250129761"
"2129","PI646281.D1G0BACXX.7.250129773"
"2130","PI646283.D1G0BACXX.7.250129785"
"2131","PI646289.D1G0BACXX.7.250129797"
"2132","PI646290.D1G0BACXX.7.250129809"
"2133","PI646291.D1G0BACXX.7.250129821"
"2134","PI646292.D1G0BACXX.7.250129833"
"2135","PI646293.D1G0BACXX.7.250129845"
"2136","PI646294.D1G0BACXX.7.250129762"
"2137","PI646295.D1G0BACXX.7.250129774"
"2138","PI646296.D1G0BACXX.7.250129786"
"2139","PI646297.D1G0BACXX.7.250129798"
"2140","PI646303.D1G0BACXX.7.250129810"
"2141","PI646304.D1G0BACXX.7.250129822"
"2142","PI646306.D1G0BACXX.7.250129834"
"2143","PI646307.D1G0BACXX.7.250129846"
"2144","PI646312.D1G0BACXX.7.250129878"
"2145","PI646313.D1G0BACXX.7.250129890"
"2146","PI646315.D1G0BACXX.7.250129902"
"2147","PI646316.D1G0BACXX.7.250129914"
"2148","PI646317.D1G0BACXX.7.250129926"
"2149","PI646319.D1G0BACXX.7.250129938"
"2150","PI646320.D1G0BACXX.7.250129950"
"2151","PI646321.D1G0BACXX.7.250129962"
"2152","PI646322.D1G0BACXX.7.250129879"
"2153","PI646323.D1G0BACXX.7.250129891"
"2154","PI646324.D1G0BACXX.7.250129903"
"2155","PI646325.D1G0BACXX.7.250129915"
"2156","PI646387.D1G0BACXX.7.250129927"
"2157","PI646388.D1G0BACXX.7.250129939"
"2158","PI646389.D1G0BACXX.7.250129951"
"2159","PI646390.D1G0BACXX.7.250129963"
"2160","PI646391.D1G0BACXX.7.250129880"
"2161","PI646392.D1G0BACXX.7.250129892"
"2162","PI647018.D1G0BACXX.7.250129904"
"2163","PI647019.D1EYBACXX.8.250140216"
"2164","PI647020.D1G0BACXX.7.250129928"
"2165","PI647021.D1G0BACXX.7.250129940"
"2166","PI647022.D1G0BACXX.7.250129952"
"2167","PI647023.D1G0BACXX.7.250129964"
"2168","PI647024.D1G0BACXX.7.250129881"
"2169","PI647025.D1G0BACXX.7.250129893"
"2170","PI647026.D1G0BACXX.7.250129905"
"2171","PI647027.D1G0BACXX.7.250129917"
"2172","PI647028.D1G0BACXX.7.250129929"
"2173","PI647029.D1G0BACXX.7.250129941"
"2174","PI655970.B064FABXX.2.250009860"
"2175","PI655971.B064FABXX.2.250009864"
"2176","PI655975.B064FABXX.2.250009848"
"2177","PI655976.D0D0BACXX.6.250040574"
"2178","PI655978.D0D0BACXX.6.250040578"
"2179","PI655980.D0D0BACXX.6.250040596"
"2180","PI655982.B064FABXX.2.250009853"
"2181","PI655985.D0D0BACXX.6.250040567"
"2182","PI655987.C00TDABXX.1.250004096"
"2183","PI655988.D0D0BACXX.6.250040561"
"2184","PI655989.D0D0BACXX.6.250040565"
"2185","PI655990.D0D0BACXX.6.250040564"
"2186","PI655991.D0D0BACXX.6.250040522"
"2187","PI655993.D0D0BACXX.6.250040529"
"2188","PI655995.D0D0BACXX.6.250040593"
"2189","PI655996.D0D0BACXX.6.250040583"
"2190","PI655997.D0D0BACXX.6.250040576"
"2191","PI655998.C00TDABXX.1.250004169"
"2192","PI655999.D0D0BACXX.6.250040595"
"2193","PI656000.D0D0BACXX.6.250040580"
"2194","PI656001.D0D0BACXX.6.250040588"
"2195","PI656016.D0D0BACXX.6.250040516"
"2196","PI656017.B064FABXX.2.250009866"
"2197","PI656018.D0D0BACXX.6.250040519"
"2198","PI656019.D0D0BACXX.6.250040521"
"2199","PI656021.C00TDABXX.7.250018451"
"2200","PI656022.D0D0BACXX.6.250040523"
"2201","PI656024.B064FABXX.2.250009881"
"2202","PI656029.D0D0BACXX.6.250040525"
"2203","PI656030.D0D0BACXX.6.250040599"
"2204","PI656068.D0D0BACXX.6.250040528"
"2205","PI656069.D0D0BACXX.6.250040555"
"2206","PI656070.B064FABXX.2.250009821"
"2207","PI656071.B064FABXX.2.250009826"
"2208","PI656072.C00TDABXX.2.250020265"
"2209","PI656074.C00TDABXX.2.250020306"
"2210","PI656076.B064FABXX.2.250009847"
"2211","PI656077.C00TDABXX.2.250020295"
"2212","PI656078.C00TDABXX.2.250020307"
"2213","PI656079.C00TDABXX.2.250020319"
"2214","PI656080.D0D0BACXX.6.250040508"
"2215","PI656081.D0D0BACXX.6.250040509"
"2216","PI656082.B064FABXX.2.250009815"
"2217","PI656083.D0D0BACXX.6.250040510"
"2218","PI656085.B064FABXX.2.250009869"
"2219","PI656086.D0D0BACXX.6.250040511"
"2220","PI656087.D0D0BACXX.6.250040512"
"2221","PI656088.D0D0BACXX.6.250040513"
"2222","PI656090.D0D0BACXX.6.250040515"
"2223","PI656091.C00TDABXX.1.250004141"
"2224","PI656092.C00TDABXX.1.250004158"
"2225","PI656093.C00TDABXX.1.250004108"
"2226","PI656094.C00TDABXX.1.250004129"
"2227","PI656095.C00TDABXX.1.250004188"
"2228","PI656096.C00TDABXX.1.250004110"
"2229","PI656097.B064FABXX.2.250009835"
"2230","PI656099.C00TDABXX.1.250004178"
"2231","PI656100.C00TDABXX.1.250004190"
"2232","PI656101.C00TDABXX.2.250020232"
"2233","PI656102.C00TDABXX.1.250004183"
"2234","PI656103.B064FABXX.2.250009892"
"2235","PI656104.C00TDABXX.2.250020234"
"2236","PI656106.C00TDABXX.2.250020276"
"2237","PI656107.C00TDABXX.2.250020300"
"2238","PI656108.C00TDABXX.2.250020268"
"2239","PI656109.C00TDABXX.1.250004160"
"2240","PI656110.C00TDABXX.1.250004104"
"2241","PI656111.B064FABXX.2.250009828"
"2242","PI656112.B064FABXX.2.250009901"
"2243","PI656113.B064FABXX.1.250010005"
"2244","PI656114.B064FABXX.2.250009818"
"2245","PI656115.B064FABXX.1.250010029"
"2246","PI656116.B064FABXX.2.250009813"
"2247","PI656117.B064FABXX.2.250009870"
"2248","PI656118.B064FABXX.2.250009843"
"2249","PI656119.B064FABXX.2.250009841"
"2250","PI656120.B064FABXX.2.250009820"
"2251","PI656121.B064FABXX.2.250009812"
"2252","PI658758.D1G0BACXX.7.250129953"
"2253","PI659693.D1G0BACXX.7.250129965"
"2254","REFERENCE_GENOME"
"2255","SC112.D0E1YACXX.4.250048293"
"2256","SC175.D0E1YACXX.4.250048297"
"2257","SC283.D0E1YACXX.4.250048296"
"2258","SC566.D0E1YACXX.4.250048294"
"2259","SSM1046.70MUKAAXX.1.250006424"
"2260","SSM1049.70MUKAAXX.1.250006402"
"2261","SSM1057.70MUKAAXX.1.250006428"
"2262","SSM1102.70MUKAAXX.1.250006434"
"2263","SSM1123.70MUKAAXX.1.250006446"
"2264","SSM12.70MUKAAXX.1.250006444"
"2265","SSM1267.70MUKAAXX.1.250006458"
"2266","SSM1284.70MUKAAXX.1.250006470"
"2267","SSM1370.70MUKAAXX.1.250006421"
"2268","SSM1592.70MUKAAXX.1.250006425"
"2269","SSM19.70MUKAAXX.1.250006456"
"2270","SSM205.70MUKAAXX.1.250006420"
"2271","SSM215.70MUKAAXX.1.250006423"
"2272","SSM249.70MUKAAXX.1.250006401"
"2273","SSM275.70MUKAAXX.1.250006412"
"2274","SSM276.70MUKAAXX.1.250006433"
"2275","SSM29.70MUKAAXX.1.250006468"
"2276","SSM379.70MUKAAXX.1.250006445"
"2277","SSM501.70MUKAAXX.1.250006457"
"2278","SSM505.70MUKAAXX.1.250006469"
"2279","SSM547.70MUKAAXX.1.250006384"
