"pi","group"
"IS10068",1
"IS10189",2
"IS10191",1
"IS1033",3
"IS1036",3
"IS1052",2
"IS10876",2
"IS10882",2
"IS1106",2
"IS1107",3
"IS11119",4
"IS1127",3
"IS11374",4
"IS11424",4
"IS11431",5
"IS11473",1
"IS1151",1
"IS11619",4
"IS11758",4
"IS1182",3
"IS1186",2
"IS1187",2
"IS11919",4
"IS11954",4
"IS11960",4
"IS12031",4
"IS12106",1
"IS12110",4
"IS12169",4
"IS1236",2
"IS1240",2
"IS1243",2
"IS1246",2
"IS12531",4
"IS1257",2
"IS12584",2
"IS12590",2
"IS12606",3
"IS12734",6
"IS12740",6
"IS12779",4
"IS12782",4
"IS12789",4
"IS12793",4
"IS12796",4
"IS12801",4
"IS12804",4
"IS12805",4
"IS12808",4
"IS12810",4
"IS12811",4
"IS12813",4
"IS12815",6
"IS12817",4
"IS12818",4
"IS12819",4
"IS12821",4
"IS12822",4
"IS13148",4
"IS13155",4
"IS13263",1
"IS13264",3
"IS13515",4
"IS1360",3
"IS1371",1
"IS13782",4
"IS13791",4
"IS13827",4
"IS13845",4
"IS13893",4
"IS13919",4
"IS13926",4
"IS13971",4
"IS1398",2
"IS13989",4
"IS1401",1
"IS14010",4
"IS14133",4
"IS1416",1
"IS1425",2
"IS14444",3
"IS14446",1
"IS14449",1
"IS14478",2
"IS14556",1
"IS14564",1
"IS14567",2
"IS14635",2
"IS1464",1
"IS1469",1
"IS14719",5
"IS1472",2
"IS14724",5
"IS14735",5
"IS1477",2
"IS1520",2
"IS1523",2
"IS1540",2
"IS17149",3
"IS17185",1
"IS17195",2
"IS17196",2
"IS17669",1
"IS17671",1
"IS17749",2
"IS17752",2
"IS17766",2
"IS17815",1
"IS17819",2
"IS17857",2
"IS17864",2
"IS17872",3
"IS17885",2
"IS17891",2
"IS17896",2
"IS17905",3
"IS17909",1
"IS17912",3
"IS17917",1
"IS17919",1
"IS17920",1
"IS17921",1
"IS17922",1
"IS17925",1
"IS17926",3
"IS17929",3
"IS17930",3
"IS17933",1
"IS17937",1
"IS17941",3
"IS17942",3
"IS17958",1
"IS17980",1
"IS18039",1
"IS18234",3
"IS18235",3
"IS18236",3
"IS18238",3
"IS18295",1
"IS18303",1
"IS18822",1
"IS18948",3
"IS19016",1
"IS19026",1
"IS19041",1
"IS19126",1
"IS19132",1
"IS19153",1
"IS19262",1
"IS19477",5
"IS19485",5
"IS19494",2
"IS19507",2
"IS19513",2
"IS19520",2
"IS19677",3
"IS19680",3
"IS19685",3
"IS19698",3
"IS19700",3
"IS19706",3
"IS19732",3
"IS19758",3
"IS19804",3
"IS19847",3
"IS19859",3
"IS19946",1
"IS19950",1
"IS19953",1
"IS19956",1
"IS19962",1
"IS19975",1
"IS19978",1
"IS19982",1
"IS19988",1
"IS19991",1
"IS19998",1
"IS20004",1
"IS20016",1
"IS20024",1
"IS20027",1
"IS20028",1
"IS20049",1
"IS20064",1
"IS20073",1
"IS20087",1
"IS20105",1
"IS20116",1
"IS20125",1
"IS20158",1
"IS20164",1
"IS20166",1
"IS20173",1
"IS20187",1
"IS20216",1
"IS20225",1
"IS20230",1
"IS20234",1
"IS20243",1
"IS20250",1
"IS20261",1
"IS20300",1
"IS20307",1
"IS20314",1
"IS20328",1
"IS20345",1
"IS20348",1
"IS20363",1
"IS20364",1
"IS20378",1
"IS20398",1
"IS20441",1
"IS20448",1
"IS20450",1
"IS20452",1
"IS20460",1
"IS20463",1
"IS20488",1
"IS20490",1
"IS20492",1
"IS20497",1
"IS20498",1
"IS20905",2
"IS21015",4
"IS21055",4
"IS21083",5
"IS21124",5
"IS21126",5
"IS21139",4
"IS21155",5
"IS21160",4
"IS21169",4
"IS21309",4
"IS21310",4
"IS21323",4
"IS21328",1
"IS21343",4
"IS21347",4
"IS21401",4
"IS21403",4
"IS21425",2
"IS21464",1
"IS21512",1
"IS21519",4
"IS21521",4
"IS21522",2
"IS21535",2
"IS21545",4
"IS21546",2
"IS21557",4
"IS2156",1
"IS21565",4
"IS21583",4
"IS21631",4
"IS21645",1
"IS21863",4
"IS21976",2
"IS21982",2
"IS21991",1
"IS21996",3
"IS21997",1
"IS22001",3
"IS22009",3
"IS22019",3
"IS22025",4
"IS22026",4
"IS22040",1
"IS2205",3
"IS2206",3
"IS22074",1
"IS22100",3
"IS22104",1
"IS22193",2
"IS22239",4
"IS22282",4
"IS22287",4
"IS22291",4
"IS22294",4
"IS22325",4
"IS22330",4
"IS22334",4
"IS22598",3
"IS22601",3
"IS22604",5
"IS22608",2
"IS22609",3
"IS22615",1
"IS22616",1
"IS22618",4
"IS2262",1
"IS22701",1
"IS22702",1
"IS22720",1
"IS22742",1
"IS22746",1
"IS22751",1
"IS22785",1
"IS22789",2
"IS22792",1
"IS22799",1
"IS22909",1
"IS22986",2
"IS22996",2
"IS23033",1
"IS23048",1
"IS23053",1
"IS23100",4
"IS23108",4
"IS23142",4
"IS23166",4
"IS23178",4
"IS23184",4
"IS23188",4
"IS23216",4
"IS23225",4
"IS23240",4
"IS23248",4
"IS23262",4
"IS23263",4
"IS23275",4
"IS23283",4
"IS23298",4
"IS23306",2
"IS23308",4
"IS23319",2
"IS23322",4
"IS23335",2
"IS23341",4
"IS23357",4
"IS23358",4
"IS23363",4
"IS23366",4
"IS23367",4
"IS23370",4
"IS23373",4
"IS23375",4
"IS23376",4
"IS23514",2
"IS23521",2
"IS23574",2
"IS23579",2
"IS23586",2
"IS23590",2
"IS23601",2
"IS23615",4
"IS23644",1
"IS23645",1
"IS23651",1
"IS23666",1
"IS23669",1
"IS2367",2
"IS23674",2
"IS23675",2
"IS23679",2
"IS23684",2
"IS23685",2
"IS23687",2
"IS23693",2
"IS23694",2
"IS23698",2
"IS23700",2
"IS2371",5
"IS23711",2
"IS2379",4
"IS2382",4
"IS2397",4
"IS2416",4
"IS24283",4
"IS24286",4
"IS24287",4
"IS24288",4
"IS24292",4
"IS24294",2
"IS24297",3
"IS24299",2
"IS2430",1
"IS24302",2
"IS24308",2
"IS24309",2
"IS24327",1
"IS24332",1
"IS24334",1
"IS24336",3
"IS24348",1
"IS24360",1
"IS24369",1
"IS24379",3
"IS24386",3
"IS24389",3
"IS24413",3
"IS24416",3
"IS24417",3
"IS24713",2
"IS24775",1
"IS24786",1
"IS24875",2
"IS25055",2
"IS25098",2
"IS25506",4
"IS25522",2
"IS25523",2
"IS25524",2
"IS25543",4
"IS25548",5
"IS25670",1
"IS25690",1
"IS25694",1
"IS25702",1
"IS25706",1
"IS25708",1
"IS25722",1
"IS25732",1
"IS25733",1
"IS25752",1
"IS25766",1
"IS25772",1
"IS25783",1
"IS25784",1
"IS25798",1
"IS25804",1
"IS25812",1
"IS25816",1
"IS25836",1
"IS25839",1
"IS25848",1
"IS25865",1
"IS25868",1
"IS25877",1
"IS25888",1
"IS25912",1
"IS25913",1
"IS25921",1
"IS25931",1
"IS25936",1
"IS25945",1
"IS25966",1
"IS25985",1
"IS25987",1
"IS25989",1
"IS26000",1
"IS26005",1
"IS26008",1
"IS26025",1
"IS26031",1
"IS26056",1
"IS26072",1
"IS26090",1
"IS26091",1
"IS26101",1
"IS26103",1
"IS26108",1
"IS26110",1
"IS26123",1
"IS26131",1
"IS26136",1
"IS26137",1
"IS26142",1
"IS26147",1
"IS26148",1
"IS26198",2
"IS26222",2
"IS26224",2
"IS26282",2
"IS26285",2
"IS26370",2
"IS26376",2
"IS26390",2
"IS26404",2
"IS26419",2
"IS26434",2
"IS26485",1
"IS26516",1
"IS26532",1
"IS26540",2
"IS26548",2
"IS26565",2
"IS26566",2
"IS26575",2
"IS26576",1
"IS26579",2
"IS26588",2
"IS26594",2
"IS26596",2
"IS26598",2
"IS26602",2
"IS26634",4
"IS26635",4
"IS26638",4
"IS26641",4
"IS26821",2
"IS26827",2
"IS26837",2
"IS26925",2
"IS26978",3
"IS26991",3
"IS26993",3
"IS27003",3
"IS27071",4
"IS27087",4
"IS27100",4
"IS27123",4
"IS27129",4
"IS27132",4
"IS27137",4
"IS27139",4
"IS27146",4
"IS27156",4
"IS27164",4
"IS27165",4
"IS27167",4
"IS27169",4
"IS27179",4
"IS27215",4
"IS27222",4
"IS27233",4
"IS27253",4
"IS27287",1
"IS27292",1
"IS27336",1
"IS27387",2
"IS27393",2
"IS27490",1
"IS27502",1
"IS27527",1
"IS27557",1
"IS27587",1
"IS27599",1
"IS27680",3
"IS27697",3
"IS27708",3
"IS27717",3
"IS27726",3
"IS27736",2
"IS27740",3
"IS27766",3
"IS27775",1
"IS27855",4
"IS27858",4
"IS27859",4
"IS27887",4
"IS27912",4
"IS27942",4
"IS28036",2
"IS28086",2
"IS28141",2
"IS28143",2
"IS28313",2
"IS28317",2
"IS28332",4
"IS28444",2
"IS28449",2
"IS28451",2
"IS28614",4
"IS28688",2
"IS28740",4
"IS28747",2
"IS28749",2
"IS28849",2
"IS28966",2
"IS28991",2
"IS29053",2
"IS29091",4
"IS29100",2
"IS29187",4
"IS29228",4
"IS29233",4
"IS29239",4
"IS29241",4
"IS29304",4
"IS29310",4
"IS29314",4
"IS29326",4
"IS29335",4
"IS29358",4
"IS29392",4
"IS29407",4
"IS29409",4
"IS29441",4
"IS29468",4
"IS29472",4
"IS29496",4
"IS29565",4
"IS29568",4
"IS29569",4
"IS29582",4
"IS29685",4
"IS29689",4
"IS29691",4
"IS29714",4
"IS29733",4
"IS29757",4
"IS29772",4
"IS29798",4
"IS29808",4
"IS29838",4
"IS29856",4
"IS29860",4
"IS29866",4
"IS29870",4
"IS29872",4
"IS29876",4
"IS29911",4
"IS29914",4
"IS29950",4
"IS29966",4
"IS29977",4
"IS30024",4
"IS30079",4
"IS30092",4
"IS30095",4
"IS30122",4
"IS30145",4
"IS30175",4
"IS30205",4
"IS30207",4
"IS30213",1
"IS30231",4
"IS30318",4
"IS30319",4
"IS30335",6
"IS30359",6
"IS30360",6
"IS30371",6
"IS30383",6
"IS30391",6
"IS30397",6
"IS30398",6
"IS30400",6
"IS30401",6
"IS30405",6
"IS30407",4
"IS30409",6
"IS30417",6
"IS30422",6
"IS30436",6
"IS30441",6
"IS30443",6
"IS30444",4
"IS30450",6
"IS30451",6
"IS30452",6
"IS30455",4
"IS30460",6
"IS30466",6
"IS30572",2
"IS30619",1
"IS3073",1
"IS30748",1
"IS3075",1
"IS30838",2
"IS30853",2
"IS30855",1
"IS30858",2
"IS30860",2
"IS30864",2
"IS30867",2
"IS30868",4
"IS30898",5
"IS31043",5
"IS31123",5
"IS31179",4
"IS31186",5
"IS31195",5
"IS31202",5
"IS3127",4
"IS31299",4
"IS31446",5
"IS31533",4
"IS31557",4
"IS31559",4
"IS31666",2
"IS31706",4
"IS31714",4
"IS31852",2
"IS31861",2
"IS31869",2
"IS31965",2
"IS32050",2
"IS32087",2
"IS32092",2
"IS32150",2
"IS32245",4
"IS32262",2
"IS32337",3
"IS32349",3
"IS32357",3
"IS32370",3
"IS32373",3
"IS32401",3
"IS32404",3
"IS32405",3
"IS32420",3
"IS32425",3
"IS32426",3
"IS32439",3
"IS32449",3
"IS32454",3
"IS32459",3
"IS32461",3
"IS32471",3
"IS32475",3
"IS32506",3
"IS32569",1
"IS32571",1
"IS32685",1
"IS32754",2
"IS32986",4
"IS33023",2
"IS33173",1
"IS33178",2
"IS33209",1
"IS33242",2
"IS33261",2
"IS33716",1
"IS33844",1
"IS33861",1
"IS33973",2
"IS33984",2
"IS34008",1
"IS34017",3
"IS34029",3
"IS34035",3
"IS34067",3
"IS34083",3
"IS34139",1
"IS34150",3
"IS34219",2
"IS34226",4
"IS3443",1
"IS3457",2
"IS34778",5
"IS34781",5
"IS34814",2
"IS34840",2
"IS34851",2
"IS34860",2
"IS34895",5
"IS34901",1
"IS34906",2
"IS34908",2
"IS34909",4
"IS34913",4
"IS34928",4
"IS34938",4
"IS34939",4
"IS34947",4
"IS34954",4
"IS34965",1
"IS34976",5
"IS3507",1
"IS3511",1
"IS35170",4
"IS35214",1
"IS35215",1
"IS35218",1
"IS35222",1
"IS35225",1
"IS35229",4
"IS35230",1
"IS35231",1
"IS35239",1
"IS35240",1
"IS35244",1
"IS35246",1
"IS35250",1
"IS35254",1
"IS35255",1
"IS35427",5
"IS35471",4
"IS35475",4
"IS35478",4
"IS35480",4
"IS35483",4
"IS35503",4
"IS35506",4
"IS35507",4
"IS35509",4
"IS35510",4
"IS35522",4
"IS35526",4
"IS35553",4
"IS35567",4
"IS35570",4
"IS35574",4
"IS35579",4
"IS35602",2
"IS35604",2
"IS3582",1
"IS3583",1
"IS36052",1
"IS36058",1
"IS36060",1
"IS36081",1
"IS36088",1
"IS36102",3
"IS36239",2
"IS36247",2
"IS36317",2
"IS36324",1
"IS36329",2
"IS36336",1
"IS36342",2
"IS36398",2
"IS36401",2
"IS36403",2
"IS36404",2
"IS36450",4
"IS36452",3
"IS3696",5
"IS37124",4
"IS37125",4
"IS37127",4
"IS37128",4
"IS37129",4
"IS37133",4
"IS37134",4
"IS37135",4
"IS37136",4
"IS37140",4
"IS37146",4
"IS37203",1
"IS37234",1
"IS37569",4
"IS3762",4
"IS37746",4
"IS37978",2
"IS38021",4
"IS38026",2
"IS38159",2
"IS38683",4
"IS3885",1
"IS3905",1
"IS39453",4
"IS39462",4
"IS39463",2
"IS39474",5
"IS39496",4
"IS39525",4
"IS39672",1
"IS39677",2
"IS39713",2
"IS39764",1
"IS39778",1
"IS39780",1
"IS39783",2
"IS39791",1
"IS39797",1
"IS39809",1
"IS39810",2
"IS39814",1
"IS39815",1
"IS39819",1
"IS39913",5
"IS39915",5
"IS40005",5
"IS4003",3
"IS40033",2
"IS40034",2
"IS40036",2
"IS40215",2
"IS4027",3
"IS40272",2
"IS40306",2
"IS40307",2
"IS40324",2
"IS40325",2
"IS40329",2
"IS4035",3
"IS40373",5
"IS4060",3
"IS4064",3
"IS40729",1
"IS40730",1
"IS40757",1
"IS40771",1
"IS40791",1
"IS40803",1
"IS40819",1
"IS40822",1
"IS40824",1
"IS40841",1
"IS4092",3
"IS4112",3
"IS4127",3
"IS4207",3
"IS4246",3
"IS4248",3
"IS4254",3
"IS4269",3
"IS4277",3
"IS4285",3
"IS4307",3
"IS4308",3
"IS4332",3
"IS4339",3
"IS4347",3
"IS4360",3
"IS4372",3
"IS4378",3
"IS4405",3
"IS4416",3
"IS4489",3
"IS4515",1
"IS4543",1
"IS4581",1
"IS4613",1
"IS4631",1
"IS4698",1
"IS4726",1
"IS4734",1
"IS4758",1
"IS4776",2
"IS4788",1
"IS4798",1
"IS4809",3
"IS4821",3
"IS4855",3
"IS4951",1
"IS4963",1
"IS5094",1
"IS5106",1
"IS5125",1
"IS5134",2
"IS5139",1
"IS5158",2
"IS5166",2
"IS5177",2
"IS5194",1
"IS5219",1
"IS5233",1
"IS5257",1
"IS5282",1
"IS5295",2
"IS5301",2
"IS5313",3
"IS5325",3
"IS5326",3
"IS5328",3
"IS5335",3
"IS5339",3
"IS5348",3
"IS5386",2
"IS5404",2
"IS5409",2
"IS5456",3
"IS5464",3
"IS5469",1
"IS5491",2
"IS5499",2
"IS5622",1
"IS5667",2
"IS5689",3
"IS5720",3
"IS5788",3
"IS5804",3
"IS5815",3
"IS5818",3
"IS5824",3
"IS5832",3
"IS5839",1
"IS5855",3
"IS5867",3
"IS5900",3
"IS5910",3
"IS5919",3
"IS5928",3
"IS5972",3
"IS5980",3
"IS5995",3
"IS6004",3
"IS6024",3
"IS6035",3
"IS6094",3
"IS6095",3
"IS6099",3
"IS6106",3
"IS6116",3
"IS6146",3
"IS6150",3
"IS6152",3
"IS6154",3
"IS6165",3
"IS6169",3
"IS6191",3
"IS6192",3
"IS6193",3
"IS6203",3
"IS6206",3
"IS6208",3
"IS6210",3
"IS6215",1
"IS6222",3
"IS6227",3
"IS6230",3
"IS6236",3
"IS6243",3
"IS6245",3
"IS6249",3
"IS6255",3
"IS6259",3
"IS6266",3
"IS6269",3
"IS6276",3
"IS6282",1
"IS6294",1
"IS6321",1
"IS6329",3
"IS6331",3
"IS6351",2
"IS6354",2
"IS6413",1
"IS6421",1
"IS7069",1
"IS7277",2
"IS7304",1
"IS7305",1
"IS7310",1
"IS7312",1
"IS7314",1
"IS7343",1
"IS7348",1
"IS7360",1
"IS7367",3
"IS7386",1
"IS7389",1
"IS7403",2
"IS7408",2
"IS7411",2
"IS7418",3
"IS7419",2
"IS7424",1
"IS7428",2
"IS7447",1
"IS7463",2
"IS7469",2
"IS7480",3
"IS7486",2
"IS7490",1
"IS7492",1
"IS7506",2
"IS7508",2
"IS7535",1
"IS7620",2
"IS7643",2
"IS7679",2
"IS7689",1
"IS7696",2
"IS7702",1
"IS7704",2
"IS7722",1
"IS7763",2
"IS7773",1
"IS7792",2
"IS7802",1
"IS7806",3
"IS7812",2
"IS7825",2
"IS7834",3
"IS7835",1
"IS7836",2
"IS7843",2
"IS7845",2
"IS7849",2
"IS7861",2
"IS7887",1
"IS7889",2
"IS7892",3
"IS7920",1
"IS7923",1
"IS7948",1
"IS7957",1
"IS7958",1
"IS7987",1
"IS7995",1
"IS8310",1
"IS8777",5
"IS8861",4
"IS8916",5
"IS9108",5
"IS9113",5
"IS9115",4
"IS9168",5
"IS9597",1
"IS9713",2
"IS9720",1
"IS9745",1
"IS9830",1
"IS9883",1
"IS9911",1
"PI151198",4
"PI155541",4
"PI213900",4
"PI267621",4
"PI285039",1
"PI285042",1
"PI329252",4
"PI329256",4
"PI329285",2
"PI329286",2
"PI329299",4
"PI329300",4
"PI329301",4
"PI329310",4
"PI329311",1
"PI329312",1
"PI329316",4
"PI329318",4
"PI329319",4
"PI329320",4
"PI329325",4
"PI329326",4
"PI329333",4
"PI329338",4
"PI329351",4
"PI329394",4
"PI329403",4
"PI329442",4
"PI329465",4
"PI329466",4
"PI329470",4
"PI329471",4
"PI329473",4
"PI329475",4
"PI329476",4
"PI329477",4
"PI329478",4
"PI329480",4
"PI329501",4
"PI329504",4
"PI329506",4
"PI329510",4
"PI329511",4
"PI329517",4
"PI329518",4
"PI329519",4
"PI329540",4
"PI329541",4
"PI329545",4
"PI329546",4
"PI329550",4
"PI329551",4
"PI329554",4
"PI329556",5
"PI329569",4
"PI329570",4
"PI329572",4
"PI329583",4
"PI329584",4
"PI329585",4
"PI329605",4
"PI329606",4
"PI329614",4
"PI329615",4
"PI329617",4
"PI329618",4
"PI329632",4
"PI329644",4
"PI329645",4
"PI329646",4
"PI329665",4
"PI329673",4
"PI329699",4
"PI329700",2
"PI329702",4
"PI329704",4
"PI329710",4
"PI329711",4
"PI329813",4
"PI329814",4
"PI329841",2
"PI329843",4
"PI329848",4
"PI329849",4
"PI329864",4
"PI329865",4
"PI329920",4
"PI330167",4
"PI330168",4
"PI330169",4
"PI330170",4
"PI330181",4
"PI330182",4
"PI330184",4
"PI330185",4
"PI330192",4
"PI330195",4
"PI330196",4
"PI330199",4
"PI330271",4
"PI330796",4
"PI330798",4
"PI330803",5
"PI330804",5
"PI330807",5
"PI330828",4
"PI330833",4
"PI330834",4
"PI330835",4
"PI330838",4
"PI330847",4
"PI330851",4
"PI330857",4
"PI330858",4
"PI330867",4
"PI337674",4
"PI337676",4
"PI337678",4
"PI337680",4
"PI337684",4
"PI337685",4
"PI337688",4
"PI337689",4
"PI510907",4
"PI510910",4
"PI510911",4
"PI510925",4
"PI510926",4
"PI510931",4
"PI510932",4
"PI510958",4
"PI510959",4
"PI510966",4
"PI510967",4
"PI510968",4
"PI510969",4
"PI510979",4
"PI510990",4
"PI510991",4
"PI511008",4
"PI511009",4
"PI514456",1
"PI514610",1
"PI514617",1
"PI521833",4
"PI533762",1
"PI533769",1
"PI533785",1
"PI533789",1
"PI533792",4
"PI533794",4
"PI533800",2
"PI533810",1
"PI533839",1
"PI533842",2
"PI533856",2
"PI533876",1
"PI533877",1
"PI533882",1
"PI533910",1
"PI533911",1
"PI533912",1
"PI533985",1
"PI533986",1
"PI533987",1
"PI533991",5
"PI533996",1
"PI534009",2
"PI534021",2
"PI534028",1
"PI534070",2
"PI534075",2
"PI534079",1
"PI534088",1
"PI534092",1
"PI534115",2
"PI534116",4
"PI534123",4
"PI534124",4
"PI534127",4
"PI534128",4
"PI534133",4
"PI534135",4
"PI534148",2
"PI534155",2
"PI534157",2
"PI562989",1
"PI563009",1
"PI563151",5
"PI563153",4
"PI563154",5
"PI563155",5
"PI563156",5
"PI563157",5
"PI563163",5
"PI563194",5
"PI563196",5
"PI563198",5
"PI563199",5
"PI563200",5
"PI563207",5
"PI563208",5
"PI563209",5
"PI563219",5
"PI563289",4
"PI563334",1
"PI563338",1
"PI563343",1
"PI563348",2
"PI563350",2
"PI563359",2
"PI563364",1
"PI563366",2
"PI563377",1
"PI563378",1
"PI563482",1
"PI563483",1
"PI563484",1
"PI563485",1
"PI563486",1
"PI563487",1
"PI563489",2
"PI563490",2
"PI563491",2
"PI563492",2
"PI563497",1
"PI563513",1
"PI563515",1
"PI563516",1
"PI569012",2
"PI569803",1
"PI569804",1
"PI569805",1
"PI569819",1
"PI569833",2
"PI569834",2
"PI569847",1
"PI569860",2
"PI569869",2
"PI569870",2
"PI569873",2
"PI569875",2
"PI569876",2
"PI569886",2
"PI570119",1
"PI570120",1
"PI570122",2
"PI570123",2
"PI570124",2
"PI570125",1
"PI570126",1
"PI570127",2
"PI570130",1
"PI570136",1
"PI570137",1
"PI570139",1
"PI570145",1
"PI570146",1
"PI570149",5
"PI570154",1
"PI570155",1
"PI570157",1
"PI570158",1
"PI570159",1
"PI570160",1
"PI570162",1
"PI570163",1
"PI570164",1
"PI570166",1
"PI570168",1
"PI570171",1
"PI570174",1
"PI570176",1
"PI570189",2
"PI570190",2
"PI570191",2
"PI570218",1
"PI570219",1
"PI570220",1
"PI570228",1
"PI570229",1
"PI570233",1
"PI570234",1
"PI570237",1
"PI570244",1
"PI570248",1
"PI570249",1
"PI570252",1
"PI570254",4
"PI570255",1
"PI570256",1
"PI570260",1
"PI570261",1
"PI570262",1
"PI570271",1
"PI570278",1
"PI570279",1
"PI570284",1
"PI570288",1
"PI570289",1
"PI570292",1
"PI570294",1
"PI570295",1
"PI570296",1
"PI570393",5
"PI570494",2
"PI570498",2
"PI570501",5
"PI570503",1
"PI570504",4
"PI570505",4
"PI570511",1
"PI570512",1
"PI570518",2
"PI570523",5
"PI570524",1
"PI570528",1
"PI570539",2
"PI570546",1
"PI570549",1
"PI570550",1
"PI570554",1
"PI570570",2
"PI570571",2
"PI570575",2
"PI570576",2
"PI570584",5
"PI570588",5
"PI570603",1
"PI570604",1
"PI570917",1
"PI570918",1
"PI571246",1
"PI571253",1
"PI571256",2
"PI571261",5
"PI571262",1
"PI571273",2
"PI571275",1
"PI571299",1
"PI571302",1
"PI571370",1
"PI571376",2
"PI576352",4
"PI576359",1
"PI576364",3
"PI576366",3
"PI576375",4
"PI576376",4
"PI576380",2
"PI576381",4
"PI576390",1
"PI576399",1
"PI576401",3
"PI576425",4
"PI576426",4
"PI576428",2
"PI576435",1
"PI585379",4
"PI585394",1
"PI585405",2
"PI585406",2
"PI585411",1
"PI585412",1
"PI585413",1
"PI585414",1
"PI585415",1
"PI585416",1
"PI585417",1
"PI585418",1
"PI585423",1
"PI585448",2
"PI585449",2
"PI585452",2
"PI585453",2
"PI585454",2
"PI585455",2
"PI585456",2
"PI585457",2
"PI585461",2
"PI585467",2
"PI585468",2
"PI585469",2
"PI585470",2
"PI585471",2
"PI585472",2
"PI585572",4
"PI585573",4
"PI585574",4
"PI585576",4
"PI585577",2
"PI585578",2
"PI585579",2
"PI585580",2
"PI585581",2
"PI585582",2
"PI585583",2
"PI585590",4
"PI585595",4
"PI585596",4
"PI585600",4
"PI585602",4
"PI585607",4
"PI585608",4
"PI585609",4
"PI585971",2
"PI585981",2
"PI585984",2
"PI585985",2
"PI585987",2
"PI585989",2
"PI585991",2
"PI585992",2
"PI586000",2
"PI586008",2
"PI586028",4
"PI586032",4
"PI586033",4
"PI586034",4
"PI586035",4
"PI586036",4
"PI586037",4
"PI586038",4
"PI586039",4
"PI586040",4
"PI586041",4
"PI586042",4
"PI586052",2
"PI586054",4
"PI586107",1
"PI586108",1
"PI586109",1
"PI586110",1
"PI586111",1
"PI586112",1
"PI586113",1
"PI586114",1
"PI586115",1
"PI586117",1
"PI586118",1
"PI586119",1
"PI586120",1
"PI586123",1
"PI586124",1
"PI586128",1
"PI586137",1
"PI586141",1
"PI586142",1
"PI586147",1
"PI586148",1
"PI586150",1
"PI586151",1
"PI586153",1
"PI586154",1
"PI586155",1
"PI586156",1
"PI586157",1
"PI586158",1
"PI586159",1
"PI586160",1
"PI586161",1
"PI586162",1
"PI586163",2
"PI586164",2
"PI586165",1
"PI586166",1
"PI586167",2
"PI586168",2
"PI586169",2
"PI586172",1
"PI586173",1
"PI586174",1
"PI586175",1
"PI586176",1
"PI586178",1
"PI586179",1
"PI586181",1
"PI586182",1
"PI586183",1
"PI586184",1
"PI586185",1
"PI586201",2
"PI586205",2
"PI586239",1
"PI586259",1
"PI586272",1
"PI586356",2
"PI586357",2
"PI586359",1
"PI586360",1
"PI586361",1
"PI586362",1
"PI586363",1
"PI586364",1
"PI586365",1
"PI586366",1
"PI586367",1
"PI586368",1
"PI586369",1
"PI586370",1
"PI586371",2
"PI586374",2
"PI586377",1
"PI586378",1
"PI586387",1
"PI586388",1
"PI586394",1
"PI586403",1
"PI586404",2
"PI586405",2
"PI586464",4
"PI586465",4
"PI586466",4
"PI586467",4
"PI586470",4
"PI586471",4
"PI586472",4
"PI586473",4
"PI586476",4
"PI586477",4
"PI586479",4
"PI586480",4
"PI586481",4
"PI586482",4
"PI586483",4
"PI586493",4
"PI586498",4
"PI586499",4
"PI586500",4
"PI586501",4
"PI586503",4
"PI586510",4
"PI586511",4
"PI595699",1
"PI597946",4
"PI597949",2
"PI597950",3
"PI597952",1
"PI597953",1
"PI597954",2
"PI597957",4
"PI597964",2
"PI608862",1
"PI608863",1
"PI608864",1
"PI608865",1
"PI609094",1
"PI609200",1
"PI609918",1
"PI609919",1
"PI610034",1
"PI612776",1
"PI612777",1
"PI619639",2
"PI619640",4
"PI619641",2
"PI619642",2
"PI619643",2
"PI619688",5
"PI619689",5
"PI619695",5
"PI619696",5
"PI619697",5
"PI619698",5
"PI619701",5
"PI619702",5
"PI619713",5
"PI619716",5
"PI619719",5
"PI619720",5
"PI619721",5
"PI619733",5
"PI619734",5
"PI619735",5
"PI619765",5
"PI619773",5
"PI619807",5
"PI619813",5
"PI619816",5
"PI619829",5
"PI619830",5
"PI619838",5
"PI619860",5
"PI619863",5
"PI619879",5
"PI619890",5
"PI619896",5
"PI619897",4
"PI619901",5
"PI619902",5
"PI619903",5
"PI619904",5
"PI619920",5
"PI619921",5
"PI619928",5
"PI619930",5
"PI619932",5
"PI619933",5
"PI619935",5
"PI619938",5
"PI619939",5
"PI619941",5
"PI619950",5
"PI619955",5
"PI619956",5
"PI619958",5
"PI619959",5
"PI619960",5
"PI619962",5
"PI619970",5
"PI619972",5
"PI619978",5
"PI619981",5
"PI619982",5
"PI619983",5
"PI619986",5
"PI619987",4
"PI619988",4
"PI619989",4
"PI619994",4
"PI620007",5
"PI620020",5
"PI620024",5
"PI620026",5
"PI620050",5
"PI620055",5
"PI620072",5
"PI620083",5
"PI620086",5
"PI620090",5
"PI620092",5
"PI620094",5
"PI620097",5
"PI620102",5
"PI620105",5
"PI620106",5
"PI620110",5
"PI620111",5
"PI620112",5
"PI620119",5
"PI620120",5
"PI620121",5
"PI620122",5
"PI620129",5
"PI620140",5
"PI620150",5
"PI620156",5
"PI620157",5
"PI620173",5
"PI620180",4
"PI620181",4
"PI620367",2
"PI620368",2
"PI620369",2
"PI620370",4
"PI620371",2
"PI620372",4
"PI620373",4
"PI620375",4
"PI620376",4
"PI620377",4
"PI620382",4
"PI620383",4
"PI620385",4
"PI620386",4
"PI620396",4
"PI620405",4
"PI620406",4
"PI620409",4
"PI620411",4
"PI620414",4
"PI620415",4
"PI620416",4
"PI620417",4
"PI620418",4
"PI620423",4
"PI620424",4
"PI620430",4
"PI620431",4
"PI620434",2
"PI620435",2
"PI620446",4
"PI620447",4
"PI620448",4
"PI620449",4
"PI620453",4
"PI620454",4
"PI620459",4
"PI620460",4
"PI620461",4
"PI620463",4
"PI620466",4
"PI620467",4
"PI620469",4
"PI620472",4
"PI620473",4
"PI620475",4
"PI620476",4
"PI620477",4
"PI620478",4
"PI620479",4
"PI620480",4
"PI620483",4
"PI620484",4
"PI620493",4
"PI620494",4
"PI620495",4
"PI620496",4
"PI620500",4
"PI620501",4
"PI620514",4
"PI620515",4
"PI620516",2
"PI620517",2
"PI620519",2
"PI620520",2
"PI620521",2
"PI620522",2
"PI620523",2
"PI620524",2
"PI620525",2
"PI620527",2
"PI620529",2
"PI620535",2
"PI620536",2
"PI620537",2
"PI620538",2
"PI620539",2
"PI620544",2
"PI620545",2
"PI620547",2
"PI620548",2
"PI620557",5
"PI620560",5
"PI620564",4
"PI620565",4
"PI620567",4
"PI620570",4
"PI620572",2
"PI620578",2
"PI620579",2
"PI620610",5
"PI620611",5
"PI620615",5
"PI620617",5
"PI620624",5
"PI646200",1
"PI646201",1
"PI646202",2
"PI646203",2
"PI646205",1
"PI646206",1
"PI646207",1
"PI646208",1
"PI646209",1
"PI646210",1
"PI646211",1
"PI646212",1
"PI646213",2
"PI646214",2
"PI646215",2
"PI646216",2
"PI646217",2
"PI646223",2
"PI646230",5
"PI646231",5
"PI646233",5
"PI646234",5
"PI646236",5
"PI646237",5
"PI646239",5
"PI646240",5
"PI646241",5
"PI646242",5
"PI646243",5
"PI646245",5
"PI646246",5
"PI646247",5
"PI646248",5
"PI646249",5
"PI646250",5
"PI646251",5
"PI646252",5
"PI646254",5
"PI646255",5
"PI646256",5
"PI646259",5
"PI646260",5
"PI646261",5
"PI646262",5
"PI646263",5
"PI646264",5
"PI646266",5
"PI646267",5
"PI646271",5
"PI646279",5
"PI646280",5
"PI646281",5
"PI646283",5
"PI646289",5
"PI646290",5
"PI646291",5
"PI646292",5
"PI646293",5
"PI646294",5
"PI646295",5
"PI646296",5
"PI646297",5
"PI646303",5
"PI646304",5
"PI646306",5
"PI646307",5
"PI646312",5
"PI646313",5
"PI646315",5
"PI646316",5
"PI646317",5
"PI646319",5
"PI646320",5
"PI646321",5
"PI646322",4
"PI646323",4
"PI646324",5
"PI646325",5
"PI646387",4
"PI646388",4
"PI646389",4
"PI646390",2
"PI646391",5
"PI646392",5
"PI647018",1
"PI647019",1
"PI647020",1
"PI647021",1
"PI647022",2
"PI647023",2
"PI647024",1
"PI647025",1
"PI647026",1
"PI647027",1
"PI647028",1
"PI647029",1
"PI658758",1
"PI659693",2
