pi,country,region,prc.score,temp.score,score
IS10034,Ethiopia,East Africa,0.396950995,0.000174441,0.397125436
IS10101,Burkina Faso,West Africa,0.450624512,0,0.450624512
IS10162,Burkina Faso,West Africa,0.632996408,0,0.632996408
IS10177,Burkina Faso,West Africa,0.418555511,0,0.418555511
IS10183,Burkina Faso,West Africa,0.462660414,0,0.462660414
IS1019,India,South Asia,0.170070686,8.85687808501519e-07,0.170071572
IS1027,India,South Asia,0.304898832,8.85687808501519e-07,0.304899718
IS10279,Sudan,East Africa,0.348577787,0,0.348577787
IS1041,India,South Asia,0.436438824,9.44987510484867e-07,0.436439769
IS1062,India,South Asia,0.348594688,9.44987510484867e-07,0.348595633
IS1064,India,South Asia,0.403595791,9.44987510484867e-07,0.403596736
IS1066,India,South Asia,0.403595791,9.44987510484867e-07,0.403596736
IS1070,India,South Asia,0.403595791,9.44987510484867e-07,0.403596736
IS10876,Nigeria,West Africa,0.427340373,0,0.427340373
IS10886,Nigeria,West Africa,0.427340373,0,0.427340373
IS11015,Ethiopia,East Africa,0.396950995,0.000174441,0.397125436
IS11026,Ethiopia,East Africa,0.30205677,0.000174441,0.302231211
IS11061,Ethiopia,East Africa,0.192037807,0.000174441,0.192212247
IS11074,Ethiopia,East Africa,0.409979005,0.000174441,0.410153445
IS11080,Ethiopia,East Africa,0.40047983,0.000174441,0.400654271
IS11118,Ethiopia,East Africa,0.384930901,0.000174441,0.385105342
IS11119,Ethiopia,East Africa,0.384930901,0.000174441,0.385105342
IS1115,India,South Asia,0.375943839,8.85687808501519e-07,0.375944725
IS11188,Ethiopia,East Africa,0.397828996,0.000174441,0.398003437
IS11194,Eritrea,East Africa,0.223883033,0,0.223883033
IS1121,India,South Asia,0.451600556,9.44987510484867e-07,0.451601501
IS11230,Ethiopia,East Africa,0.273352629,0.000174441,0.273527069
IS11267,Ethiopia,East Africa,0.30205677,0.000174441,0.302231211
IS1127,India,South Asia,0.404128133,9.44987510484867e-07,0.404129078
IS11288,Ethiopia,East Africa,0.346330243,0.000174441,0.346504683
IS1129,India,South Asia,0.404128133,9.44987510484867e-07,0.404129078
IS11336,Ethiopia,East Africa,0.409636788,0.000174441,0.409811228
IS11352,Ethiopia,East Africa,0.409979005,0.000174441,0.410153445
IS1136,India,South Asia,0.291595798,8.25642161430568e-07,0.291596624
IS11360,Ethiopia,East Africa,0.39566564,0.000174441,0.395840081
IS11364,Ethiopia,East Africa,0.405133519,0.000174441,0.40530796
IS11368,Ethiopia,East Africa,0.405133519,0.000174441,0.40530796
IS11374,Ethiopia,East Africa,0.272944233,0.000174441,0.273118674
IS11396,Ethiopia,East Africa,0.346044757,0.000174441,0.346219197
IS11423,Ethiopia,East Africa,0.386003329,0.000174441,0.386177769
IS11438,Ethiopia,East Africa,0.346578339,0.000174441,0.346752779
IS11450,Ethiopia,East Africa,0.37710935,0.000174441,0.377283791
IS11469,Eritrea,East Africa,0.246196418,0,0.246196418
IS11473,Eritrea,East Africa,0.246196418,0,0.246196418
IS11548,Ethiopia,East Africa,0.237054446,0.000174441,0.237228887
IS11556,Ethiopia,East Africa,0.237054446,0.000174441,0.237228887
IS11568,Ethiopia,East Africa,0.237054446,0.000174441,0.237228887
IS11577,Ethiopia,East Africa,0.285504263,0.000174441,0.285678704
IS11579,Ethiopia,East Africa,0.368941885,0.000174441,0.369116326
IS11617,Ethiopia,East Africa,0.396950995,0.000174441,0.397125436
IS11619,Ethiopia,East Africa,0.396950995,0.000174441,0.397125436
IS11673,Ethiopia,East Africa,0.260677111,0.000174441,0.260851552
IS11682,Ethiopia,East Africa,0.260677111,0.000174441,0.260851552
IS11702,Ethiopia,East Africa,0.260677111,0.000174441,0.260851552
IS11768,Ethiopia,East Africa,0.260677111,0.000174441,0.260851552
IS11775,Ethiopia,East Africa,0.260677111,0.000174441,0.260851552
IS11784,Ethiopia,East Africa,0.260677111,0.000174441,0.260851552
IS11803,Ethiopia,East Africa,0.260677111,0.000174441,0.260851552
IS11806,Ethiopia,East Africa,0.260677111,0.000174441,0.260851552
IS11812,Ethiopia,East Africa,0.260677111,0.000174441,0.260851552
IS11827,Ethiopia,East Africa,0.260677111,0.000174441,0.260851552
IS11847,Ethiopia,East Africa,0.260677111,0.000174441,0.260851552
IS11880,Ethiopia,East Africa,0.37710935,0.000174441,0.377283791
IS11894,Ethiopia,East Africa,0.331943666,0.000174441,0.332118107
IS11909,Ethiopia,East Africa,0.281064696,0.000174441,0.281239137
IS11919,Eritrea,East Africa,0.316909343,0,0.316909343
IS11960,Eritrea,East Africa,0.223883033,0,0.223883033
IS11971,Eritrea,East Africa,0.223883033,0,0.223883033
IS11972,Eritrea,East Africa,0.223883033,0,0.223883033
IS12018,Ethiopia,East Africa,0.396950995,0.000174441,0.397125436
IS12078,Ethiopia,East Africa,0.260677111,0.000174441,0.260851552
IS12109,Ethiopia,East Africa,0.272944233,0.000174441,0.273118674
IS12110,Ethiopia,East Africa,0.321839563,0.000174441,0.322014004
IS12118,Ethiopia,East Africa,0.324739868,0.000174441,0.324914309
IS12149,Ethiopia,East Africa,0.321839563,0.000174441,0.322014004
IS12164,Ethiopia,East Africa,0.345939109,0.000174441,0.346113549
IS12186,Ethiopia,East Africa,0.237054446,0.000174441,0.237228887
IS12339,Senegal,West Africa,0.472879986,0,0.472879986
IS12368,Senegal,West Africa,0.31225041,0,0.31225041
IS1248,India,South Asia,0.228848388,8.23408322202033e-07,0.228849211
IS12531,Ethiopia,East Africa,0.243359033,0.000174441,0.243533473
IS12534,Ethiopia,East Africa,0.281064696,0.000174441,0.281239137
IS12536,Ethiopia,East Africa,0.40884995,0.000174441,0.409024391
IS12541,Ethiopia,East Africa,0.386361017,0.000174441,0.386535457
IS12542,Ethiopia,East Africa,0.365352902,0.000174441,0.365527343
IS12562,Ethiopia,East Africa,0.350141244,0.000174441,0.350315685
IS12604,Nigeria,West Africa,0.417275084,0,0.417275084
IS12607,Ethiopia,East Africa,0.238689819,0.000174441,0.238864259
IS12624,Ethiopia,East Africa,0.238689819,0.000174441,0.238864259
IS12627,Ethiopia,East Africa,0.238689819,0.000174441,0.238864259
IS12641,Ethiopia,East Africa,0.238689819,0.000174441,0.238864259
IS12722,South Africa,South Africa,0.248234499,0.028974694,0.277209193
IS12740,China,East Asia,0.43546717,0.243258584,0.678725754
IS12748,China,East Asia,0.43546717,0.243258584,0.678725754
IS12749,China,East Asia,0.43546717,0.243258584,0.678725754
IS12782,Turkey,West Asia,0.236390052,0.015109922,0.251499974
IS12786,Turkey,West Asia,0.144647916,0.013798821,0.158446737
IS12804,Turkey,West Asia,0.158181508,0.015521601,0.173703109
IS12810,Turkey,West Asia,0.122735984,0.015109922,0.137845905
IS12816,Turkey,West Asia,0.147853748,0,0.147853748
IS12833,Turkey,West Asia,0.130392876,0.015109922,0.145502798
IS12835,Turkey,West Asia,0.282142779,0.015109922,0.297252701
IS12839,Turkey,West Asia,0.393864981,0.015109922,0.408974903
IS12840,Turkey,West Asia,0.122735984,0.015109922,0.137845905
IS12852,Turkey,West Asia,0.086139618,0.012487438,0.098627056
IS12855,Turkey,West Asia,0.144194696,0,0.144194696
IS12862,Turkey,West Asia,0.141832411,0.015521601,0.157354012
IS12937,Ethiopia,East Africa,0.345952383,0.000174441,0.346126824
IS12945,Nicaragua,#N/A,0.469821162,0,0.469821162
IS12965,Cuba,#N/A,0.557473884,0,0.557473884
IS12967,India,South Asia,0.159554279,9.44987510484867e-07,0.159555224
IS13074,Australia,#N/A,0.276692467,0.000311579,0.277004046
IS13155,Turkey,West Asia,0.106822282,0.015109922,0.121932204
IS13255,India,South Asia,0.185704429,9.44987510484867e-07,0.185705374
IS13264,India,South Asia,0.217707466,8.85687808501519e-07,0.217708352
IS1360,India,South Asia,0.332140638,9.30775512522254e-07,0.332141569
IS13782,South Africa,South Africa,0.49479214,0.028974694,0.523766835
IS13784,South Africa,South Africa,0.49479214,0.028974694,0.523766835
IS13785,South Africa,South Africa,0.49479214,0.028974694,0.523766835
IS13791,South Africa,South Africa,0.49479214,0.028974694,0.523766835
IS13803,South Africa,South Africa,0.49479214,0.028974694,0.523766835
IS13806,South Africa,South Africa,0.49479214,0.028974694,0.523766835
IS13807,South Africa,South Africa,0.49479214,0.028974694,0.523766835
IS13811,South Africa,South Africa,0.49479214,0.028974694,0.523766835
IS13812,South Africa,South Africa,0.49479214,0.028974694,0.523766835
IS13824,South Africa,South Africa,0.49479214,0.028974694,0.523766835
IS13827,South Africa,South Africa,0.49479214,0.028974694,0.523766835
IS13837,South Africa,South Africa,0.49479214,0.028974694,0.523766835
IS13840,South Africa,South Africa,0.49479214,0.028974694,0.523766835
IS13845,South Africa,South Africa,0.49479214,0.028974694,0.523766835
IS13847,South Africa,South Africa,0.49479214,0.028974694,0.523766835
IS13848,South Africa,South Africa,0.49479214,0.028974694,0.523766835
IS13857,South Africa,South Africa,0.49479214,0.028974694,0.523766835
IS13860,South Africa,South Africa,0.49479214,0.028974694,0.523766835
IS13863,South Africa,South Africa,0.49479214,0.028974694,0.523766835
IS13868,South Africa,South Africa,0.49479214,0.028974694,0.523766835
IS13871,South Africa,South Africa,0.49479214,0.028974694,0.523766835
IS13872,South Africa,South Africa,0.49479214,0.028974694,0.523766835
IS13876,South Africa,South Africa,0.49479214,0.028974694,0.523766835
IS13878,South Africa,South Africa,0.49479214,0.028974694,0.523766835
IS13893,South Africa,South Africa,0.49479214,0.028974694,0.523766835
IS13896,South Africa,South Africa,0.49479214,0.028974694,0.523766835
IS13901,South Africa,South Africa,0.49479214,0.028974694,0.523766835
IS13905,South Africa,South Africa,0.49479214,0.028974694,0.523766835
IS13906,South Africa,South Africa,0.49479214,0.028974694,0.523766835
IS13909,South Africa,South Africa,0.49479214,0.028974694,0.523766835
IS13911,South Africa,South Africa,0.49479214,0.028974694,0.523766835
IS13916,South Africa,South Africa,0.49479214,0.028974694,0.523766835
IS13918,South Africa,South Africa,0.49479214,0.028974694,0.523766835
IS13919,South Africa,South Africa,0.49479214,0.028974694,0.523766835
IS13924,South Africa,South Africa,0.49479214,0.028974694,0.523766835
IS13926,South Africa,South Africa,0.49479214,0.028974694,0.523766835
IS13928,South Africa,South Africa,0.49479214,0.028974694,0.523766835
IS13930,South Africa,South Africa,0.49479214,0.028974694,0.523766835
IS13932,South Africa,South Africa,0.49479214,0.028974694,0.523766835
IS13939,South Africa,South Africa,0.49479214,0.028974694,0.523766835
IS13949,South Africa,South Africa,0.49479214,0.028974694,0.523766835
IS13953,South Africa,South Africa,0.49479214,0.028974694,0.523766835
IS13954,South Africa,South Africa,0.49479214,0.028974694,0.523766835
IS13959,South Africa,South Africa,0.49479214,0.028974694,0.523766835
IS13968,South Africa,South Africa,0.49479214,0.028974694,0.523766835
IS13971,South Africa,South Africa,0.49479214,0.028974694,0.523766835
IS13975,South Africa,South Africa,0.49479214,0.028974694,0.523766835
IS13980,South Africa,South Africa,0.49479214,0.028974694,0.523766835
IS13981,South Africa,South Africa,0.49479214,0.028974694,0.523766835
IS13987,South Africa,South Africa,0.49479214,0.028974694,0.523766835
IS13989,South Africa,South Africa,0.49479214,0.028974694,0.523766835
IS13993,South Africa,South Africa,0.49479214,0.028974694,0.523766835
IS13994,South Africa,South Africa,0.49479214,0.028974694,0.523766835
IS13995,South Africa,South Africa,0.49479214,0.028974694,0.523766835
IS13998,South Africa,South Africa,0.49479214,0.028974694,0.523766835
IS13999,South Africa,South Africa,0.49479214,0.028974694,0.523766835
IS14000,South Africa,South Africa,0.49479214,0.028974694,0.523766835
IS14010,South Africa,South Africa,0.49479214,0.028974694,0.523766835
IS14012,South Africa,South Africa,0.49479214,0.028974694,0.523766835
IS14013,South Africa,South Africa,0.49479214,0.028974694,0.523766835
IS1410,India,South Asia,0.178134146,8.25642161430568e-07,0.178134971
IS1415,India,South Asia,0.289867387,8.25642161430568e-07,0.289868213
IS14556,Ethiopia,East Africa,0.144982024,0.000214029,0.145196054
IS14584,Ethiopia,East Africa,0.358710434,0.000174441,0.358884875
IS1468,India,South Asia,0.220680372,8.25642161430568e-07,0.220681198
IS14729,Ethiopia,East Africa,0.234386006,0.000174441,0.234560446
IS14730,Ethiopia,East Africa,0.234386006,0.000174441,0.234560446
IS14735,Ethiopia,East Africa,0.251203663,0.000174441,0.251378104
IS14744,Ethiopia,East Africa,0.234386006,0.000174441,0.234560446
IS1478,India,South Asia,0.207169944,8.25642161430568e-07,0.20717077
IS1532,India,South Asia,0.166108941,8.25642161430568e-07,0.166109767
IS1547,India,South Asia,0.192722758,8.39854159393181e-07,0.192723597
IS1549,India,South Asia,0.22710683,8.25642161430568e-07,0.227107656
IS17701,India,South Asia,0.448685034,8.32709720086271e-07,0.448685867
IS17734,India,South Asia,0.236847447,8.32709720086271e-07,0.23684828
IS17738,India,South Asia,0.216855486,8.32709720086271e-07,0.216856318
IS17741,India,South Asia,0.280480284,8.32709720086271e-07,0.280481116
IS17764,India,South Asia,0.302854727,8.25642161430568e-07,0.302855552
IS17775,India,South Asia,0.201463608,8.25642161430568e-07,0.201464433
IS17786,India,South Asia,0.282260985,8.25642161430568e-07,0.28226181
IS17787,India,South Asia,0.282260985,8.25642161430568e-07,0.28226181
IS17795,India,South Asia,0.237638191,8.25642161430568e-07,0.237639017
IS17798,India,South Asia,0.197155979,8.25642161430568e-07,0.197156805
IS17811,India,South Asia,0.448685034,8.32709720086271e-07,0.448685867
IS17841,India,South Asia,0.330293105,8.25642161430568e-07,0.330293931
IS17876,India,South Asia,0.397969235,9.30775512522254e-07,0.397970166
IS17881,India,South Asia,0.340181796,7.64047119418754e-07,0.34018256
IS17883,India,South Asia,0.336741535,8.32709720086271e-07,0.336742368
IS17921,India,South Asia,0.086064855,9.30775512522254e-07,0.086065786
IS17941,India,South Asia,0.137911469,8.85687808501519e-07,0.137912354
IS17942,India,South Asia,0.148871705,9.30775512522254e-07,0.148872636
IS17947,India,South Asia,0.391185891,9.44987510484867e-07,0.391186836
IS17954,India,South Asia,0.174868148,9.44987510484867e-07,0.174869093
IS17980,India,South Asia,0.337477734,9.44987510484867e-07,0.337478679
IS17989,India,South Asia,0.337477734,9.44987510484867e-07,0.337478679
IS17997,India,South Asia,0.337477734,9.44987510484867e-07,0.337478679
IS17999,India,South Asia,0.337477734,9.44987510484867e-07,0.337478679
IS18011,India,South Asia,0.337477734,9.44987510484867e-07,0.337478679
IS18016,India,South Asia,0.337477734,9.44987510484867e-07,0.337478679
IS18032,India,South Asia,0.337477734,9.44987510484867e-07,0.337478679
IS18039,India,South Asia,0.337477734,9.44987510484867e-07,0.337478679
IS18041,India,South Asia,0.337477734,9.44987510484867e-07,0.337478679
IS18050,India,South Asia,0.337477734,9.44987510484867e-07,0.337478679
IS18055,India,South Asia,0.337477734,9.44987510484867e-07,0.337478679
IS18235,Bangladesh,South Asia,0.532271219,0,0.532271219
IS18238,Bangladesh,South Asia,0.61605245,0,0.61605245
IS18293,Niger,West Africa,0.735747226,0,0.735747226
IS18762,India,South Asia,0.371856067,8.85687808501519e-07,0.371856952
IS19001,Sudan,East Africa,0.563817622,0,0.563817622
IS19081,Sudan,East Africa,0.563817622,0,0.563817622
IS19092,Sudan,East Africa,0.563817622,0,0.563817622
IS19155,Sudan,East Africa,0.563817622,0,0.563817622
IS19160,Sudan,East Africa,0.563817622,0,0.563817622
IS19204,Sudan,East Africa,0.563817622,0,0.563817622
IS19208,Sudan,East Africa,0.563817622,0,0.563817622
IS19223,Sudan,East Africa,0.563817622,0,0.563817622
IS19243,Sudan,East Africa,0.563817622,0,0.563817622
IS19262,Sudan,East Africa,0.563817622,0,0.563817622
IS19380,Sudan,East Africa,0.563817622,0,0.563817622
IS19497,South Sudan,East Africa,0.494080854,0,0.494080854
IS19498,South Sudan,East Africa,0.494080854,0,0.494080854
IS19520,South Sudan,East Africa,0.357297396,0,0.357297396
IS19526,South Sudan,East Africa,0.494080854,0,0.494080854
IS19685,India,South Asia,0.420884714,9.44987510484867e-07,0.420885659
IS19704,India,South Asia,0.392861725,8.85687808501519e-07,0.392862611
IS19726,India,South Asia,0.394839895,8.85687808501519e-07,0.39484078
IS19737,India,South Asia,0.453123026,9.30775512522254e-07,0.453123956
IS19740,India,South Asia,0.453123026,9.30775512522254e-07,0.453123956
IS19746,India,South Asia,0.453123026,9.30775512522254e-07,0.453123956
IS19757,India,South Asia,0.447400449,9.44987510484867e-07,0.447401394
IS19783,India,South Asia,0.409643596,8.85687808501519e-07,0.409644481
IS19819,India,South Asia,0.384793003,8.85687808501519e-07,0.384793889
IS19821,India,South Asia,0.384793003,8.85687808501519e-07,0.384793889
IS19822,India,South Asia,0.384793003,8.85687808501519e-07,0.384793889
IS19847,India,South Asia,0.397118475,8.85687808501519e-07,0.397119361
IS19859,India,South Asia,0.40598779,9.30775512522254e-07,0.405988721
IS19873,India,South Asia,0.404923853,9.30775512522254e-07,0.404924783
IS19879,India,South Asia,0.397118475,8.85687808501519e-07,0.397119361
IS19885,India,South Asia,0.397118475,8.85687808501519e-07,0.397119361
IS19898,India,South Asia,0.39308385,9.30775512522254e-07,0.393084781
IS19908,India,South Asia,0.38892329,8.85687808501519e-07,0.388924175
IS19975,Senegal,West Africa,0.42898047,0,0.42898047
IS19999,Senegal,West Africa,0.521799525,0,0.521799525
IS20002,Senegal,West Africa,0.500834681,0,0.500834681
IS20008,Senegal,West Africa,0.525691024,0,0.525691024
IS20012,Senegal,West Africa,0.537380342,0,0.537380342
IS20016,Senegal,West Africa,0.551049073,0,0.551049073
IS20075,Senegal,West Africa,0.436789061,0,0.436789061
IS20150,Senegal,West Africa,0.408184965,0,0.408184965
IS20234,Niger,West Africa,0.65262879,0,0.65262879
IS20460,Niger,West Africa,0.557403946,0,0.557403946
IS20465,Niger,West Africa,0.555040585,0,0.555040585
IS20985,Kenya,East Africa,0.232320649,0,0.232320649
IS21008,Kenya,East Africa,0.217851201,0,0.217851201
IS21021,Kenya,East Africa,0.221317002,0,0.221317002
IS21037,Kenya,East Africa,0.213710449,0,0.213710449
IS21065,Kenya,East Africa,0.207655413,0,0.207655413
IS21083,Kenya,East Africa,0.242003609,0,0.242003609
IS21113,Kenya,East Africa,0.224588872,0,0.224588872
IS21124,Kenya,East Africa,0.24934632,0,0.24934632
IS21125,Kenya,East Africa,0.24934632,0,0.24934632
IS21131,Kenya,East Africa,0.238463809,0,0.238463809
IS21146,Kenya,East Africa,0.240722849,0,0.240722849
IS21149,Kenya,East Africa,0.241781241,0,0.241781241
IS21158,Kenya,East Africa,0.233229831,0,0.233229831
IS21188,Kenya,East Africa,0.249274274,0,0.249274274
IS21189,Kenya,East Africa,0.249274274,0,0.249274274
IS21230,Kenya,East Africa,0.142227329,0,0.142227329
IS21249,Kenya,East Africa,0.245798917,0,0.245798917
IS21282,Kenya,East Africa,0.260001906,0,0.260001906
IS21284,Kenya,East Africa,0.260001906,0,0.260001906
IS21425,Malawi,East Africa,0.192484595,0,0.192484595
IS21450,Malawi,East Africa,0.467480852,0,0.467480852
IS21461,Malawi,East Africa,0.42563305,0,0.42563305
IS21512,Malawi,East Africa,0.428115426,0,0.428115426
IS21519,Malawi,East Africa,0.491437631,0,0.491437631
IS21528,Malawi,East Africa,0.461290227,0,0.461290227
IS21540,Malawi,East Africa,0.523418011,0,0.523418011
IS21602,Malawi,East Africa,0.554468631,0,0.554468631
IS21622,Malawi,East Africa,0.469149928,0,0.469149928
IS21645,Malawi,East Africa,0.435599289,0,0.435599289
IS21667,Malawi,East Africa,0.469149928,0,0.469149928
IS21676,Malawi,East Africa,0.469149928,0,0.469149928
IS21717,South Africa,South Africa,0.49479214,0.028974694,0.523766835
IS21863,Syrian Arab Republic,West Asia,0.213097277,0.001375899,0.214473176
IS2197,India,South Asia,0.304898832,8.85687808501519e-07,0.304899718
IS21977,India,South Asia,0.322002267,8.85687808501519e-07,0.322003153
IS21983,India,South Asia,0.217787512,8.32709720086271e-07,0.217788345
IS21995,India,South Asia,0.434098414,9.44987510484867e-07,0.434099359
IS21996,India,South Asia,0.26819326,9.30775512522254e-07,0.26819419
IS22001,India,South Asia,0.358276043,9.44987510484867e-07,0.358276988
IS22007,India,South Asia,0.232450247,9.44987510484867e-07,0.232451192
IS22019,India,South Asia,0.268995134,9.44987510484867e-07,0.268996079
IS22027,India,South Asia,0.341175324,8.80134510972996e-07,0.341176204
IS22035,India,South Asia,0.188868202,8.23408322202033e-07,0.188869025
IS22036,India,South Asia,0.188868202,8.23408322202033e-07,0.188869025
IS22063,India,South Asia,0.218154487,8.25642161430568e-07,0.218155313
IS22074,India,South Asia,0.226331128,8.25642161430568e-07,0.226331954
IS22093,India,South Asia,0.226331128,8.25642161430568e-07,0.226331954
IS22094,India,South Asia,0.264301517,8.25642161430568e-07,0.264302342
IS22095,India,South Asia,0.299369024,8.25642161430568e-07,0.29936985
IS22119,India,South Asia,0.336848588,7.64047119418754e-07,0.336849352
IS22189,India,South Asia,0.433557386,7.64047119418754e-07,0.43355815
IS22233,Botswana,South Africa,0.476251246,0,0.476251246
IS22234,Botswana,South Africa,0.476251246,0,0.476251246
IS22237,Botswana,South Africa,0.476251246,0,0.476251246
IS22239,Botswana,South Africa,0.476251246,0,0.476251246
IS22241,Botswana,South Africa,0.476251246,0,0.476251246
IS22244,Botswana,South Africa,0.501814883,0,0.501814883
IS22246,Botswana,South Africa,0.501814883,0,0.501814883
IS22249,Botswana,South Africa,0.501814883,0,0.501814883
IS22260,Botswana,South Africa,0.492229517,0,0.492229517
IS22262,Botswana,South Africa,0.492229517,0,0.492229517
IS22265,Botswana,South Africa,0.407785772,0,0.407785772
IS22273,Botswana,South Africa,0.691585959,0,0.691585959
IS22280,Botswana,South Africa,0.691585959,0,0.691585959
IS22286,Botswana,South Africa,0.691585959,0,0.691585959
IS22287,Botswana,South Africa,0.691585959,0,0.691585959
IS22290,Botswana,South Africa,0.55585389,0,0.55585389
IS22293,Botswana,South Africa,0.480634466,0,0.480634466
IS22294,Botswana,South Africa,0.480634466,0,0.480634466
IS22296,Botswana,South Africa,0.633290376,0,0.633290376
IS22298,Botswana,South Africa,0.696176303,0,0.696176303
IS22300,Botswana,South Africa,0.696176303,0,0.696176303
IS22304,Botswana,South Africa,0.696176303,0,0.696176303
IS22323,Botswana,South Africa,0.582567591,0,0.582567591
IS22325,Botswana,South Africa,0.582567591,0,0.582567591
IS22326,Botswana,South Africa,0.582567591,0,0.582567591
IS22330,Botswana,South Africa,0.495122578,0,0.495122578
IS22332,Botswana,South Africa,0.528474645,0,0.528474645
IS22333,Botswana,South Africa,0.528474645,0,0.528474645
IS22334,Botswana,South Africa,0.528474645,0,0.528474645
IS22335,Botswana,South Africa,0.528474645,0,0.528474645
IS22344,Botswana,South Africa,0.407785772,0,0.407785772
IS22345,Botswana,South Africa,0.407785772,0,0.407785772
IS22346,Botswana,South Africa,0.407785772,0,0.407785772
IS22348,Botswana,South Africa,0.407785772,0,0.407785772
IS22349,Botswana,South Africa,0.407785772,0,0.407785772
IS22355,Botswana,South Africa,0.486899634,0,0.486899634
IS22363,Sudan,East Africa,0.58640157,0,0.58640157
IS22365,Sudan,East Africa,0.58640157,0,0.58640157
IS22410,Sudan,East Africa,0.490049466,0,0.490049466
IS22438,Sudan,East Africa,0.379795585,0,0.379795585
IS22609,Sri Lanka,South Asia,0.47653581,0,0.47653581
IS22615,Myanmar,South Asia,0.115035337,0.001440114,0.116475451
IS22616,Myanmar,South Asia,0.090301898,0.001397283,0.091699181
IS22618,Myanmar,South Asia,0.142179039,0.001526526,0.143705565
IS2262,Sudan,East Africa,0.58640157,0,0.58640157
IS22696,Somalia,East Africa,0.172449819,0,0.172449819
IS22720,Somalia,East Africa,0.376940042,0,0.376940042
IS22743,Somalia,East Africa,0.487404997,0,0.487404997
IS22759,Somalia,East Africa,0.450127044,0,0.450127044
IS22786,Somalia,East Africa,0.308583171,0,0.308583171
IS22796,Somalia,East Africa,0.130815497,0,0.130815497
IS22799,Somalia,East Africa,0.130815497,0,0.130815497
IS22898,Sudan,East Africa,0.483852539,0,0.483852539
IS22909,Sudan,East Africa,0.523555931,0,0.523555931
IS22950,Sudan,East Africa,0.482648515,0,0.482648515
IS22958,Sudan,East Africa,0.482263053,0,0.482263053
IS22974,South Sudan,East Africa,0.525538148,0,0.525538148
IS22986,Sudan,East Africa,0.485233395,0,0.485233395
IS22996,Sudan,East Africa,0.485233395,0,0.485233395
IS22999,Sudan,East Africa,0.459460189,0,0.459460189
IS23000,Sudan,East Africa,0.459460189,0,0.459460189
IS23032,Sudan,East Africa,0.449989664,0,0.449989664
IS23033,Sudan,East Africa,0.449989664,0,0.449989664
IS23034,South Sudan,East Africa,0.375728028,0,0.375728028
IS23048,Sudan,East Africa,0.584657537,0,0.584657537
IS23050,Sudan,East Africa,0.584657537,0,0.584657537
IS23053,Sudan,East Africa,0.476169903,0,0.476169903
IS23069,Sudan,East Africa,0.529165348,0,0.529165348
IS23095,United Republic of Tanzania,East Africa,0.209595925,1.22567081552562e-05,0.209608182
IS23142,United Republic of Tanzania,East Africa,0.281652289,5.39196202987948e-06,0.281657681
IS23149,United Republic of Tanzania,East Africa,0.333068097,5.39196202987948e-06,0.333073489
IS23151,United Republic of Tanzania,East Africa,0.333205784,5.39196202987948e-06,0.333211176
IS23161,United Republic of Tanzania,East Africa,0.288025323,5.39196202987948e-06,0.288030715
IS23180,Zambia,East Africa,0.632833233,0,0.632833233
IS23194,Zambia,East Africa,0.645957101,0,0.645957101
IS23195,Zambia,East Africa,0.645957101,0,0.645957101
IS23216,Zambia,East Africa,0.645957101,0,0.645957101
IS23249,Zambia,East Africa,0.504984117,0,0.504984117
IS23269,Zambia,East Africa,0.654873579,0,0.654873579
IS23303,Zambia,East Africa,0.636015103,0,0.636015103
IS23338,Zambia,East Africa,0.508020748,0,0.508020748
IS23345,Zambia,East Africa,0.479223924,0,0.479223924
IS23365,Zambia,East Africa,0.593233488,0,0.593233488
IS23370,Zambia,East Africa,0.636035997,0,0.636035997
IS23499,Ethiopia,East Africa,0.372671154,0.000179768,0.372850922
IS23509,Ethiopia,East Africa,0.393748114,0.000179768,0.393927882
IS23514,Ethiopia,East Africa,0.33730077,0.000179768,0.337480538
IS23521,Ethiopia,East Africa,0.3081693,0.000208468,0.308377768
IS23527,Ethiopia,East Africa,0.3081693,0.000208468,0.308377768
IS23528,Ethiopia,East Africa,0.3081693,0.000208468,0.308377768
IS23534,Ethiopia,East Africa,0.3081693,0.000208468,0.308377768
IS23551,Ethiopia,East Africa,0.251198977,0.000179768,0.251378746
IS23560,Ethiopia,East Africa,0.3081693,0.000208468,0.308377768
IS23574,Ethiopia,East Africa,0.3081693,0.000208468,0.308377768
IS23579,Ethiopia,East Africa,0.379144954,0.000179768,0.379324722
IS23586,Ethiopia,East Africa,0.372564126,0.000179768,0.372743894
IS23590,Ethiopia,East Africa,0.372564126,0.000179768,0.372743894
IS23591,Ethiopia,East Africa,0.372564126,0.000179768,0.372743894
IS2360,Nigeria,West Africa,0.392521168,0,0.392521168
IS23601,Ethiopia,East Africa,0.394329395,0.000179768,0.394509163
IS23614,Ethiopia,East Africa,0.348403656,0.000174441,0.348578096
IS23644,Gambia,West Africa,0.657079454,0,0.657079454
IS23649,Gambia,West Africa,0.671628947,0,0.671628947
IS2367,Nigeria,West Africa,0.424389098,0,0.424389098
IS23670,Senegal,West Africa,0.393520936,0,0.393520936
IS23677,Mozambique,East Africa,0.382032343,0,0.382032343
IS23684,Mozambique,East Africa,0.414715128,0,0.414715128
IS23694,Mozambique,East Africa,0.27522884,0,0.27522884
IS23695,Mozambique,East Africa,0.27522884,0,0.27522884
IS2377,South Africa,South Africa,0.398525694,0.043276576,0.44180227
IS2379,South Africa,South Africa,0.398525694,0.043276576,0.44180227
IS2380,South Africa,South Africa,0.398525694,0.043276576,0.44180227
IS2382,South Africa,South Africa,0.398525694,0.043276576,0.44180227
IS2385,South Africa,South Africa,0.398525694,0.043276576,0.44180227
IS2389,South Africa,South Africa,0.398525694,0.043276576,0.44180227
IS2390,South Africa,South Africa,0.398525694,0.043276576,0.44180227
IS2392,South Africa,South Africa,0.398525694,0.043276576,0.44180227
IS2395,South Africa,South Africa,0.398525694,0.043276576,0.44180227
IS2397,South Africa,South Africa,0.398525694,0.043276576,0.44180227
IS2398,South Africa,South Africa,0.398525694,0.043276576,0.44180227
IS2401,South Africa,South Africa,0.398525694,0.043276576,0.44180227
IS2405,South Africa,South Africa,0.398525694,0.043276576,0.44180227
IS2409,South Africa,South Africa,0.398525694,0.043276576,0.44180227
IS2412,South Africa,South Africa,0.398525694,0.043276576,0.44180227
IS2416,South Africa,South Africa,0.398525694,0.043276576,0.44180227
IS2418,South Africa,South Africa,0.398525694,0.043276576,0.44180227
IS2419,South Africa,South Africa,0.398525694,0.043276576,0.44180227
IS2420,South Africa,South Africa,0.398525694,0.043276576,0.44180227
IS2421,South Africa,South Africa,0.398525694,0.043276576,0.44180227
IS24285,United Republic of Tanzania,East Africa,0.442204982,0.000227614,0.442432596
IS24348,India,South Asia,0.234164736,9.44987510484867e-07,0.234165681
IS24357,India,South Asia,0.194033718,9.44987510484867e-07,0.194034663
IS24358,India,South Asia,0.202853533,9.44987510484867e-07,0.202854478
IS24365,India,South Asia,0.316203973,9.44987510484867e-07,0.316204918
IS24382,India,South Asia,0.322002267,8.85687808501519e-07,0.322003153
IS24395,India,South Asia,0.352487944,8.85687808501519e-07,0.35248883
IS24410,India,South Asia,0.198031259,8.85687808501519e-07,0.198032145
IS24427,India,South Asia,0.426960727,9.30775512522254e-07,0.426961658
IS24435,India,South Asia,0.40599592,8.85687808501519e-07,0.405996806
IS24713,Nigeria,West Africa,0.434110501,0,0.434110501
IS24721,Nigeria,West Africa,0.459984212,0,0.459984212
IS24742,Nigeria,West Africa,0.413343839,0,0.413343839
IS24775,Nigeria,West Africa,0.427595331,0,0.427595331
IS24786,Nigeria,West Africa,0.427595331,0,0.427595331
IS24810,Nigeria,West Africa,0.458650147,0,0.458650147
IS24820,Nigeria,West Africa,0.458824134,0,0.458824134
IS24832,Nigeria,West Africa,0.461247676,0,0.461247676
IS24879,Nigeria,West Africa,0.480411115,0,0.480411115
IS24880,Nigeria,West Africa,0.480411115,0,0.480411115
IS24887,Nigeria,West Africa,0.361605055,0,0.361605055
IS25055,Ghana,West Africa,0.587679696,0,0.587679696
IS25077,Ghana,West Africa,0.628948863,0,0.628948863
IS25106,Ghana,West Africa,0.625627317,0,0.625627317
IS25111,Ghana,West Africa,0.625627317,0,0.625627317
IS25112,Ghana,West Africa,0.625627317,0,0.625627317
IS25481,Burundi,East Africa,0.65353851,0,0.65353851
IS25499,Burundi,East Africa,0.677134908,0,0.677134908
IS25533,Rwanda,East Africa,0.719204791,0,0.719204791
IS25548,Rwanda,East Africa,0.556460281,0,0.556460281
IS25568,Rwanda,East Africa,0.628207544,0,0.628207544
IS25661,Mali,West Africa,0.435345573,0,0.435345573
IS25702,Mali,West Africa,0.355531977,0,0.355531977
IS25732,Mali,West Africa,0.434600166,0,0.434600166
IS25733,Mali,West Africa,0.374826631,0,0.374826631
IS25734,Mali,West Africa,0.374826631,0,0.374826631
IS25816,Mali,West Africa,0.33176999,0,0.33176999
IS25836,Mali,West Africa,0.435258044,0,0.435258044
IS25848,Mali,West Africa,0.434751376,0,0.434751376
IS25857,Mali,West Africa,0.445232137,0,0.445232137
IS25860,Mali,West Africa,0.399433393,0,0.399433393
IS25882,Mali,West Africa,0.444305654,0,0.444305654
IS25886,Mali,West Africa,0.430221836,0,0.430221836
IS25925,Mali,West Africa,0.443944294,0,0.443944294
IS25956,Mali,West Africa,0.433059324,0,0.433059324
IS25959,Mali,West Africa,0.418861407,0,0.418861407
IS25977,Mali,West Africa,0.371208775,0,0.371208775
IS25981,Mali,West Africa,0.383202385,0,0.383202385
IS25989,Mali,West Africa,0.359241919,0,0.359241919
IS25996,Mali,West Africa,0.346600693,0,0.346600693
IS26000,Mali,West Africa,0.36803531,0,0.36803531
IS26021,Mali,West Africa,0.439812077,0,0.439812077
IS26025,Mali,West Africa,0.434142156,0,0.434142156
IS26029,Mali,West Africa,0.433456808,0,0.433456808
IS26041,Mali,West Africa,0.437831991,0,0.437831991
IS26043,Mali,West Africa,0.394981521,0,0.394981521
IS26081,Mali,West Africa,0.264574149,0,0.264574149
IS26110,Mali,West Africa,0.292174005,0,0.292174005
IS26198,Nigeria,West Africa,0.471839624,0,0.471839624
IS26212,Togo,West Africa,0.58170868,0,0.58170868
IS26221,Togo,West Africa,0.57081625,0,0.57081625
IS26222,Togo,West Africa,0.57081625,0,0.57081625
IS26224,Togo,West Africa,0.562895449,0,0.562895449
IS26240,Togo,West Africa,0.544822307,0,0.544822307
IS26255,Togo,West Africa,0.552856008,0,0.552856008
IS26258,Togo,West Africa,0.55130901,0,0.55130901
IS26259,Togo,West Africa,0.55130901,0,0.55130901
IS26273,Togo,West Africa,0.554551546,0,0.554551546
IS26283,Togo,West Africa,0.619993559,0,0.619993559
IS26323,Togo,West Africa,0.585239653,0,0.585239653
IS26334,Togo,West Africa,0.605589357,0,0.605589357
IS26342,Togo,West Africa,0.596377192,0,0.596377192
IS26350,Togo,West Africa,0.60261871,0,0.60261871
IS26366,Togo,West Africa,0.597534197,0,0.597534197
IS26389,Togo,West Africa,0.358208992,0,0.358208992
IS26417,Benin,West Africa,0.357035017,0,0.357035017
IS26470,Benin,West Africa,0.57175837,0,0.57175837
IS26526,Benin,West Africa,0.219245558,0,0.219245558
IS26629,Zambia,East Africa,0.57047278,0,0.57047278
IS26833,South Sudan,East Africa,0.386232383,0,0.386232383
IS26846,South Sudan,East Africa,0.405276866,0,0.405276866
IS26932,India,South Asia,0.353124305,9.30775512522254e-07,0.353125235
IS27048,Zimbabwe,East Africa,0.553228006,0,0.553228006
IS27069,Zimbabwe,East Africa,0.233111504,0,0.233111504
IS27076,Zimbabwe,East Africa,0.462566387,0,0.462566387
IS27077,Zimbabwe,East Africa,0.462566387,0,0.462566387
IS27080,Zimbabwe,East Africa,0.459349316,0,0.459349316
IS27085,Zimbabwe,East Africa,0.459349316,0,0.459349316
IS27098,Zimbabwe,East Africa,0.451381103,0,0.451381103
IS27117,Zimbabwe,East Africa,0.400246471,0,0.400246471
IS27124,Zimbabwe,East Africa,0.52107961,0,0.52107961
IS27125,Zimbabwe,East Africa,0.52107961,0,0.52107961
IS27131,Zimbabwe,East Africa,0.547821476,0,0.547821476
IS27135,Zimbabwe,East Africa,0.502468157,0,0.502468157
IS27146,Zimbabwe,East Africa,0.54835,0,0.54835
IS27148,Zimbabwe,East Africa,0.54835,0,0.54835
IS27162,Zimbabwe,East Africa,0.558680106,0,0.558680106
IS27164,Zimbabwe,East Africa,0.558680106,0,0.558680106
IS27168,Zimbabwe,East Africa,0.447343365,0,0.447343365
IS27186,Zimbabwe,East Africa,0.467353045,0,0.467353045
IS27188,Zimbabwe,East Africa,0.467353045,0,0.467353045
IS27191,Zimbabwe,East Africa,0.373411924,0,0.373411924
IS27213,Zimbabwe,East Africa,0.469573566,0,0.469573566
IS27247,Zimbabwe,East Africa,0.253424337,0,0.253424337
IS27254,Zimbabwe,East Africa,0.400012336,0,0.400012336
IS27267,Zimbabwe,East Africa,0.250171658,0,0.250171658
IS27281,Burkina Faso,West Africa,0.520306403,0,0.520306403
IS27287,Burkina Faso,West Africa,0.348701701,0,0.348701701
IS27308,Burkina Faso,West Africa,0.282175237,0,0.282175237
IS27339,Burkina Faso,West Africa,0.370943366,0,0.370943366
IS27342,Burkina Faso,West Africa,0.21861242,0,0.21861242
IS27350,Burkina Faso,West Africa,0.30808177,0,0.30808177
IS27369,Burkina Faso,West Africa,0.462395218,0,0.462395218
IS27376,Burkina Faso,West Africa,0.618220567,0,0.618220567
IS27402,Burkina Faso,West Africa,0.536551239,0,0.536551239
IS27436,Burkina Faso,West Africa,0.396526856,0,0.396526856
IS27456,Burkina Faso,West Africa,0.313986401,0,0.313986401
IS27486,Mali,West Africa,0.422675832,0,0.422675832
IS27490,Burkina Faso,West Africa,0.519425971,0,0.519425971
IS27509,Burkina Faso,West Africa,0.604174229,0,0.604174229
IS27540,Burkina Faso,West Africa,0.447115618,0,0.447115618
IS27548,Burkina Faso,West Africa,0.350694078,0,0.350694078
IS27555,Burkina Faso,West Africa,0.490169379,0,0.490169379
IS27557,Burkina Faso,West Africa,0.593933852,0,0.593933852
IS27582,Burkina Faso,West Africa,0.593752626,0,0.593752626
IS27599,Cameroon,Central Africa,0.099865835,0,0.099865835
IS27607,Cameroon,Central Africa,0.088492981,0,0.088492981
IS27649,Cameroon,Central Africa,0.146637676,0,0.146637676
IS27650,Cameroon,Central Africa,0.146637676,0,0.146637676
IS27697,Sierra Leone,West Africa,0.629476517,0,0.629476517
IS27750,Sierra Leone,West Africa,0.633685353,0,0.633685353
IS27855,South Africa,South Africa,0.377644183,0.042759029,0.420403211
IS27856,South Africa,South Africa,0.487138852,0.043276576,0.530415427
IS27860,South Africa,South Africa,0.361367005,0.034612102,0.395979107
IS27865,South Africa,South Africa,0.388311163,0.03771371,0.426024873
IS27870,South Africa,South Africa,0.541341822,0.028974694,0.570316517
IS27876,South Africa,South Africa,0.487210593,0.042759029,0.529969622
IS27877,South Africa,South Africa,0.490811989,0.045054366,0.535866355
IS27878,South Africa,South Africa,0.490811989,0.045054366,0.535866355
IS27884,South Africa,South Africa,0.567069041,0.045054366,0.612123407
IS27887,South Africa,South Africa,0.61376635,0.032442843,0.646209193
IS27888,South Africa,South Africa,0.585603874,0.034612102,0.620215976
IS27889,South Africa,South Africa,0.585603874,0.034612102,0.620215976
IS27891,South Africa,South Africa,0.585603874,0.034612102,0.620215976
IS27898,South Africa,South Africa,0.423018313,0.034612102,0.457630415
IS27903,South Africa,South Africa,0.360667385,0.034612102,0.395279487
IS27906,South Africa,South Africa,0.695222691,0.024107613,0.719330303
IS27910,South Africa,South Africa,0.695222691,0.024107613,0.719330303
IS27912,South Africa,South Africa,0.695222691,0.024107613,0.719330303
IS27914,South Africa,South Africa,0.197287923,0.038992971,0.236280894
IS28010,Yemen,West Asia,0.215536168,0,0.215536168
IS28075,Yemen,West Asia,0.220738957,0,0.220738957
IS28095,Yemen,West Asia,0.304382495,0,0.304382495
IS28112,Yemen,West Asia,0.223336552,0,0.223336552
IS28114,Yemen,West Asia,0.223336552,0,0.223336552
IS28115,Yemen,West Asia,0.223336552,0,0.223336552
IS28127,Yemen,West Asia,0.140823907,0,0.140823907
IS28141,Yemen,West Asia,0.206807832,0,0.206807832
IS28142,Yemen,West Asia,0.206807832,0,0.206807832
IS28167,Yemen,West Asia,0.304382495,0,0.304382495
IS28172,Yemen,West Asia,0.203071023,0,0.203071023
IS28220,Yemen,West Asia,0.223336552,0,0.223336552
IS28241,Yemen,West Asia,0.219444704,0,0.219444704
IS28301,Yemen,West Asia,0.259066233,0,0.259066233
IS28309,Yemen,West Asia,0.109920142,0,0.109920142
IS28332,Yemen,West Asia,0.253928412,0,0.253928412
IS28367,Yemen,West Asia,0.298749989,0,0.298749989
IS28377,Yemen,West Asia,0.298749989,0,0.298749989
IS28449,Yemen,West Asia,0.234488495,0,0.234488495
IS28451,Yemen,West Asia,0.234488495,0,0.234488495
IS28502,Yemen,West Asia,0.237037421,0,0.237037421
IS28553,Yemen,West Asia,0.251932838,0,0.251932838
IS28593,Yemen,West Asia,0.22294959,0,0.22294959
IS28614,Yemen,West Asia,0.109519239,0,0.109519239
IS28617,Yemen,West Asia,0.109519239,0,0.109519239
IS28645,Yemen,West Asia,0.197340506,0,0.197340506
IS28678,Yemen,West Asia,0.197340506,0,0.197340506
IS28680,Yemen,West Asia,0.197340506,0,0.197340506
IS28683,Yemen,West Asia,0.197340506,0,0.197340506
IS28688,Yemen,West Asia,0.197340506,0,0.197340506
IS28723,Yemen,West Asia,0.209365246,0,0.209365246
IS28740,Yemen,West Asia,0.209365246,0,0.209365246
IS28747,Yemen,West Asia,0.236256811,0,0.236256811
IS28757,Yemen,West Asia,0.2796598,0,0.2796598
IS28761,Yemen,West Asia,0.215757326,0,0.215757326
IS28795,Yemen,West Asia,0.2796598,0,0.2796598
IS28802,Yemen,West Asia,0.071740594,0,0.071740594
IS28849,Yemen,West Asia,0.207321732,0,0.207321732
IS28883,Yemen,West Asia,0.254604306,0,0.254604306
IS28963,Yemen,West Asia,0.227150769,0,0.227150769
IS28986,Yemen,West Asia,0.175919791,0,0.175919791
IS28991,Yemen,West Asia,0.240682179,0,0.240682179
IS29013,Yemen,West Asia,0.240322092,0,0.240322092
IS29018,Yemen,West Asia,0.210510658,0,0.210510658
IS29054,Yemen,West Asia,0.224046096,0,0.224046096
IS29086,Yemen,West Asia,0.210764437,0,0.210764437
IS2909,Sudan,East Africa,0.348577787,0,0.348577787
IS29091,Yemen,West Asia,0.135323932,0,0.135323932
IS29100,Yemen,West Asia,0.310864231,0,0.310864231
IS29130,Yemen,West Asia,0.098142519,0,0.098142519
IS29132,Yemen,West Asia,0.236256811,0,0.236256811
IS29144,Yemen,West Asia,0.098142519,0,0.098142519
IS29179,Eswatini,South Africa,0.582879126,0,0.582879126
IS29182,Eswatini,South Africa,0.582879126,0,0.582879126
IS29184,Eswatini,South Africa,0.582879126,0,0.582879126
IS29186,Eswatini,South Africa,0.582879126,0,0.582879126
IS29187,Eswatini,South Africa,0.251039296,0,0.251039296
IS29188,Eswatini,South Africa,0.251039296,0,0.251039296
IS29192,Eswatini,South Africa,0.251039296,0,0.251039296
IS29197,Eswatini,South Africa,0.251039296,0,0.251039296
IS29204,Eswatini,South Africa,0.468971311,0,0.468971311
IS29205,Eswatini,South Africa,0.468971311,0,0.468971311
IS29209,Eswatini,South Africa,0.468971311,0,0.468971311
IS29211,Eswatini,South Africa,0.468971311,0,0.468971311
IS29212,Eswatini,South Africa,0.528704204,0,0.528704204
IS29213,Eswatini,South Africa,0.528704204,0,0.528704204
IS29215,Eswatini,South Africa,0.528704204,0,0.528704204
IS29216,Eswatini,South Africa,0.528704204,0,0.528704204
IS29222,Eswatini,South Africa,0.528704204,0,0.528704204
IS29224,Eswatini,South Africa,0.528704204,0,0.528704204
IS29225,Eswatini,South Africa,0.528704204,0,0.528704204
IS29226,Eswatini,South Africa,0.528704204,0,0.528704204
IS29230,Eswatini,South Africa,0.456470421,0,0.456470421
IS29231,Eswatini,South Africa,0.635547578,0,0.635547578
IS29232,Eswatini,South Africa,0.635547578,0,0.635547578
IS29233,Eswatini,South Africa,0.635547578,0,0.635547578
IS29236,Eswatini,South Africa,0.635547578,0,0.635547578
IS29239,Eswatini,South Africa,0.635547578,0,0.635547578
IS29241,Eswatini,South Africa,0.635547578,0,0.635547578
IS29244,Eswatini,South Africa,0.635547578,0,0.635547578
IS29246,Eswatini,South Africa,0.635547578,0,0.635547578
IS29268,Eswatini,South Africa,0.582879126,0,0.582879126
IS29269,Eswatini,South Africa,0.582879126,0,0.582879126
IS29271,Eswatini,South Africa,0.582879126,0,0.582879126
IS29272,Eswatini,South Africa,0.582879126,0,0.582879126
IS29275,Eswatini,South Africa,0.582879126,0,0.582879126
IS29277,Eswatini,South Africa,0.582879126,0,0.582879126
IS29278,Eswatini,South Africa,0.582879126,0,0.582879126
IS29281,Eswatini,South Africa,0.251039296,0,0.251039296
IS29282,Eswatini,South Africa,0.251039296,0,0.251039296
IS29283,Eswatini,South Africa,0.251039296,0,0.251039296
IS29284,Eswatini,South Africa,0.251039296,0,0.251039296
IS29289,Eswatini,South Africa,0.251039296,0,0.251039296
IS29290,Eswatini,South Africa,0.251039296,0,0.251039296
IS29294,Eswatini,South Africa,0.251039296,0,0.251039296
IS29295,Eswatini,South Africa,0.251039296,0,0.251039296
IS29299,Eswatini,South Africa,0.251039296,0,0.251039296
IS29304,Eswatini,South Africa,0.251039296,0,0.251039296
IS29309,Eswatini,South Africa,0.528704204,0,0.528704204
IS29310,Eswatini,South Africa,0.528704204,0,0.528704204
IS29311,Eswatini,South Africa,0.528704204,0,0.528704204
IS29313,Eswatini,South Africa,0.528704204,0,0.528704204
IS29314,Eswatini,South Africa,0.528704204,0,0.528704204
IS29321,Eswatini,South Africa,0.635547578,0,0.635547578
IS29322,Eswatini,South Africa,0.635547578,0,0.635547578
IS29325,Eswatini,South Africa,0.635547578,0,0.635547578
IS29326,Eswatini,South Africa,0.635547578,0,0.635547578
IS29327,Eswatini,South Africa,0.635547578,0,0.635547578
IS29330,Eswatini,South Africa,0.635547578,0,0.635547578
IS29331,Eswatini,South Africa,0.635547578,0,0.635547578
IS29332,Eswatini,South Africa,0.635547578,0,0.635547578
IS29335,Eswatini,South Africa,0.635547578,0,0.635547578
IS29337,Eswatini,South Africa,0.635547578,0,0.635547578
IS29340,Eswatini,South Africa,0.635547578,0,0.635547578
IS29358,Lesotho,South Africa,0.791501313,0.021476943,0.812978256
IS29365,Lesotho,South Africa,0.791501313,0.021476943,0.812978256
IS29367,Lesotho,South Africa,0.791501313,0.021476943,0.812978256
IS29369,Lesotho,South Africa,0.791501313,0.021476943,0.812978256
IS29371,Lesotho,South Africa,0.791501313,0.021476943,0.812978256
IS29373,Lesotho,South Africa,0.791501313,0.021476943,0.812978256
IS29375,Lesotho,South Africa,0.791501313,0.021476943,0.812978256
IS29380,Lesotho,South Africa,0.718899582,0.016809242,0.735708824
IS29381,Lesotho,South Africa,0.718899582,0.016809242,0.735708824
IS29387,Lesotho,South Africa,0.732188344,0.02092706,0.753115404
IS29392,Lesotho,South Africa,0.732188344,0.02092706,0.753115404
IS29394,Lesotho,South Africa,0.732188344,0.02092706,0.753115404
IS29396,Lesotho,South Africa,0.732188344,0.02092706,0.753115404
IS29398,Lesotho,South Africa,0.732188344,0.02092706,0.753115404
IS29401,Lesotho,South Africa,0.732188344,0.02092706,0.753115404
IS29403,Lesotho,South Africa,0.689126881,0.020555936,0.709682817
IS29407,Lesotho,South Africa,0.689126881,0.020555936,0.709682817
IS29409,Lesotho,South Africa,0.689126881,0.020555936,0.709682817
IS29414,Lesotho,South Africa,0.676349242,0.021476943,0.697826185
IS29415,Lesotho,South Africa,0.676349242,0.021476943,0.697826185
IS29416,Lesotho,South Africa,0.478148976,0.022303528,0.500452505
IS29420,Lesotho,South Africa,0.555300874,0.016809242,0.572110116
IS29424,Lesotho,South Africa,0.555300874,0.016809242,0.572110116
IS29436,South Africa,South Africa,0.504858201,0.024107613,0.528965814
IS29437,South Africa,South Africa,0.504858201,0.024107613,0.528965814
IS29438,South Africa,South Africa,0.504858201,0.024107613,0.528965814
IS29441,South Africa,South Africa,0.504858201,0.024107613,0.528965814
IS29444,South Africa,South Africa,0.504858201,0.024107613,0.528965814
IS29447,South Africa,South Africa,0.504858201,0.024107613,0.528965814
IS29448,South Africa,South Africa,0.504858201,0.024107613,0.528965814
IS29452,Lesotho,South Africa,0.576993905,0.016809242,0.593803146
IS29454,Lesotho,South Africa,0.576993905,0.016809242,0.593803146
IS29459,Lesotho,South Africa,0.576993905,0.016809242,0.593803146
IS29462,Lesotho,South Africa,0.672294083,0.016391747,0.68868583
IS29463,Lesotho,South Africa,0.672294083,0.016391747,0.68868583
IS29464,Lesotho,South Africa,0.672294083,0.016391747,0.68868583
IS29465,Lesotho,South Africa,0.672294083,0.016391747,0.68868583
IS29467,Lesotho,South Africa,0.672294083,0.016391747,0.68868583
IS29468,Lesotho,South Africa,0.672294083,0.016391747,0.68868583
IS29470,Lesotho,South Africa,0.672294083,0.016391747,0.68868583
IS29472,Lesotho,South Africa,0.672294083,0.016391747,0.68868583
IS29476,Lesotho,South Africa,0.672294083,0.016391747,0.68868583
IS29477,Lesotho,South Africa,0.672294083,0.016391747,0.68868583
IS29481,Lesotho,South Africa,0.672294083,0.016391747,0.68868583
IS29485,Lesotho,South Africa,0.58426643,0.016809242,0.601075672
IS29486,Lesotho,South Africa,0.58426643,0.016809242,0.601075672
IS29488,Lesotho,South Africa,0.676349242,0.021476943,0.697826185
IS29496,Lesotho,South Africa,0.555300874,0.016809242,0.572110116
IS29503,Lesotho,South Africa,0.774220616,0.021476943,0.795697559
IS29504,Lesotho,South Africa,0.774220616,0.021476943,0.795697559
IS29505,Lesotho,South Africa,0.774220616,0.021476943,0.795697559
IS29506,Lesotho,South Africa,0.774220616,0.021476943,0.795697559
IS29509,Lesotho,South Africa,0.774220616,0.021476943,0.795697559
IS29513,Lesotho,South Africa,0.774220616,0.021476943,0.795697559
IS29514,Lesotho,South Africa,0.774220616,0.021476943,0.795697559
IS29518,Lesotho,South Africa,0.774220616,0.021476943,0.795697559
IS29519,Lesotho,South Africa,0.774220616,0.021476943,0.795697559
IS29520,Lesotho,South Africa,0.774220616,0.021476943,0.795697559
IS29521,Lesotho,South Africa,0.774220616,0.021476943,0.795697559
IS29524,Lesotho,South Africa,0.478148976,0.022303528,0.500452505
IS29525,Lesotho,South Africa,0.478148976,0.022303528,0.500452505
IS29529,Lesotho,South Africa,0.478148976,0.022303528,0.500452505
IS29531,Lesotho,South Africa,0.478148976,0.022303528,0.500452505
IS29533,Lesotho,South Africa,0.672294083,0.016391747,0.68868583
IS29534,Lesotho,South Africa,0.672294083,0.016391747,0.68868583
IS29542,Lesotho,South Africa,0.672294083,0.016391747,0.68868583
IS29543,Lesotho,South Africa,0.672294083,0.016391747,0.68868583
IS29545,Lesotho,South Africa,0.672294083,0.016391747,0.68868583
IS29550,Lesotho,South Africa,0.672294083,0.016391747,0.68868583
IS29555,Lesotho,South Africa,0.672294083,0.016391747,0.68868583
IS29556,Lesotho,South Africa,0.672294083,0.016391747,0.68868583
IS29558,Lesotho,South Africa,0.58426643,0.016809242,0.601075672
IS29561,Lesotho,South Africa,0.58426643,0.016809242,0.601075672
IS29563,Lesotho,South Africa,0.58426643,0.016809242,0.601075672
IS29565,Lesotho,South Africa,0.58426643,0.016809242,0.601075672
IS29568,Lesotho,South Africa,0.58426643,0.016809242,0.601075672
IS29569,Lesotho,South Africa,0.58426643,0.016809242,0.601075672
IS29571,Lesotho,South Africa,0.58426643,0.016809242,0.601075672
IS29574,Lesotho,South Africa,0.58426643,0.016809242,0.601075672
IS29578,Lesotho,South Africa,0.58426643,0.016809242,0.601075672
IS29579,Lesotho,South Africa,0.58426643,0.016809242,0.601075672
IS29580,Lesotho,South Africa,0.58426643,0.016809242,0.601075672
IS29582,Lesotho,South Africa,0.58426643,0.016809242,0.601075672
IS29595,Lesotho,South Africa,0.58426643,0.016809242,0.601075672
IS29599,Lesotho,South Africa,0.689126881,0.020555936,0.709682817
IS29600,Lesotho,South Africa,0.689126881,0.020555936,0.709682817
IS29666,Zimbabwe,East Africa,0.348038283,0,0.348038283
IS29687,Zimbabwe,East Africa,0.531353399,0,0.531353399
IS29689,Zimbabwe,East Africa,0.531353399,0,0.531353399
IS29691,Zimbabwe,East Africa,0.531353399,0,0.531353399
IS29693,Zimbabwe,East Africa,0.526160325,0,0.526160325
IS29701,Zimbabwe,East Africa,0.469573566,0,0.469573566
IS29705,Zimbabwe,East Africa,0.469573566,0,0.469573566
IS29710,Zimbabwe,East Africa,0.524028494,0,0.524028494
IS29714,Zimbabwe,East Africa,0.465551073,0,0.465551073
IS29724,Zimbabwe,East Africa,0.433867414,0,0.433867414
IS29729,Zimbabwe,East Africa,0.462566387,0,0.462566387
IS29732,Zimbabwe,East Africa,0.492741104,0,0.492741104
IS29733,Zimbabwe,East Africa,0.492741104,0,0.492741104
IS29736,Zimbabwe,East Africa,0.492741104,0,0.492741104
IS29739,Zimbabwe,East Africa,0.492741104,0,0.492741104
IS29741,Zimbabwe,East Africa,0.233111504,0,0.233111504
IS29745,Zimbabwe,East Africa,0.47622529,0,0.47622529
IS29748,Zimbabwe,East Africa,0.47622529,0,0.47622529
IS29758,Zimbabwe,East Africa,0.473656018,0,0.473656018
IS29759,Zimbabwe,East Africa,0.473656018,0,0.473656018
IS29767,Zimbabwe,East Africa,0.307150527,0,0.307150527
IS29772,Zimbabwe,East Africa,0.31014921,0,0.31014921
IS29785,Zimbabwe,East Africa,0.547443055,0,0.547443055
IS29789,Zimbabwe,East Africa,0.265708067,0,0.265708067
IS29794,Zimbabwe,East Africa,0.265708067,0,0.265708067
IS29798,Zimbabwe,East Africa,0.196754641,0,0.196754641
IS29804,Zimbabwe,East Africa,0.294419574,0,0.294419574
IS29808,Zimbabwe,East Africa,0.271077621,0,0.271077621
IS29870,Zimbabwe,East Africa,0.526863952,0,0.526863952
IS29872,Zimbabwe,East Africa,0.526863952,0,0.526863952
IS29876,Zimbabwe,East Africa,0.526863952,0,0.526863952
IS29877,Zimbabwe,East Africa,0.526863952,0,0.526863952
IS29879,Zimbabwe,East Africa,0.526863952,0,0.526863952
IS29880,Zimbabwe,East Africa,0.526863952,0,0.526863952
IS29887,Zimbabwe,East Africa,0.526863952,0,0.526863952
IS29890,Zimbabwe,East Africa,0.526863952,0,0.526863952
IS29893,Zimbabwe,East Africa,0.526863952,0,0.526863952
IS29896,Zimbabwe,East Africa,0.526863952,0,0.526863952
IS29901,Zimbabwe,East Africa,0.526863952,0,0.526863952
IS29902,Zimbabwe,East Africa,0.526863952,0,0.526863952
IS29907,Zimbabwe,East Africa,0.53745419,0,0.53745419
IS29911,Zimbabwe,East Africa,0.55646926,0,0.55646926
IS29913,Zimbabwe,East Africa,0.55646926,0,0.55646926
IS29914,Zimbabwe,East Africa,0.55646926,0,0.55646926
IS29918,Zimbabwe,East Africa,0.55646926,0,0.55646926
IS29921,Zimbabwe,East Africa,0.515098796,0,0.515098796
IS29922,Zimbabwe,East Africa,0.515098796,0,0.515098796
IS29926,Zimbabwe,East Africa,0.515098796,0,0.515098796
IS29931,Zimbabwe,East Africa,0.535001328,0,0.535001328
IS29935,Zimbabwe,East Africa,0.510694826,0,0.510694826
IS29937,Zimbabwe,East Africa,0.510694826,0,0.510694826
IS29938,Zimbabwe,East Africa,0.510694826,0,0.510694826
IS29939,Zimbabwe,East Africa,0.510694826,0,0.510694826
IS29940,Zimbabwe,East Africa,0.510694826,0,0.510694826
IS29946,Zimbabwe,East Africa,0.510694826,0,0.510694826
IS29950,Zimbabwe,East Africa,0.510694826,0,0.510694826
IS29954,Zimbabwe,East Africa,0.510694826,0,0.510694826
IS29957,Zimbabwe,East Africa,0.52107961,0,0.52107961
IS29961,Zimbabwe,East Africa,0.52107961,0,0.52107961
IS29966,Zimbabwe,East Africa,0.526863952,0,0.526863952
IS29968,Zimbabwe,East Africa,0.526863952,0,0.526863952
IS29977,Zimbabwe,East Africa,0.526863952,0,0.526863952
IS29981,Zimbabwe,East Africa,0.508032305,0,0.508032305
IS29985,Zimbabwe,East Africa,0.526863952,0,0.526863952
IS29987,Zimbabwe,East Africa,0.526863952,0,0.526863952
IS29988,Zimbabwe,East Africa,0.526863952,0,0.526863952
IS29990,Zimbabwe,East Africa,0.526863952,0,0.526863952
IS29991,Zimbabwe,East Africa,0.526863952,0,0.526863952
IS29994,Zimbabwe,East Africa,0.526863952,0,0.526863952
IS29996,Zimbabwe,East Africa,0.526863952,0,0.526863952
IS29998,Zimbabwe,East Africa,0.526863952,0,0.526863952
IS29999,Zimbabwe,East Africa,0.526863952,0,0.526863952
IS30001,Zimbabwe,East Africa,0.526863952,0,0.526863952
IS30002,Zimbabwe,East Africa,0.187041453,0,0.187041453
IS30003,Zimbabwe,East Africa,0.187041453,0,0.187041453
IS30005,Zimbabwe,East Africa,0.515098796,0,0.515098796
IS30010,Zimbabwe,East Africa,0.515098796,0,0.515098796
IS30011,Zimbabwe,East Africa,0.515098796,0,0.515098796
IS30017,Zimbabwe,East Africa,0.53745419,0,0.53745419
IS30030,Zimbabwe,East Africa,0.526863952,0,0.526863952
IS30056,Zimbabwe,East Africa,0.558929419,0,0.558929419
IS30059,Zimbabwe,East Africa,0.558929419,0,0.558929419
IS30063,Zimbabwe,East Africa,0.558929419,0,0.558929419
IS30072,Zimbabwe,East Africa,0.548432711,0,0.548432711
IS30079,Zimbabwe,East Africa,0.515098796,0,0.515098796
IS30080,Zimbabwe,East Africa,0.515098796,0,0.515098796
IS30085,Zimbabwe,East Africa,0.515098796,0,0.515098796
IS30092,Zimbabwe,East Africa,0.546603876,0,0.546603876
IS30110,Zimbabwe,East Africa,0.442368296,0,0.442368296
IS30117,Zimbabwe,East Africa,0.312496652,0,0.312496652
IS30164,Zimbabwe,East Africa,0.082635122,0,0.082635122
IS30175,Zimbabwe,East Africa,0.183650364,0,0.183650364
IS30177,Zimbabwe,East Africa,0.183650364,0,0.183650364
IS30179,Zimbabwe,East Africa,0.183650364,0,0.183650364
IS30188,Zimbabwe,East Africa,0.474992368,0,0.474992368
IS30202,Zimbabwe,East Africa,0.055610778,0,0.055610778
IS30203,Zimbabwe,East Africa,0.055610778,0,0.055610778
IS30205,Zimbabwe,East Africa,0.055610778,0,0.055610778
IS30207,Zimbabwe,East Africa,0.055610778,0,0.055610778
IS30209,Zimbabwe,East Africa,0.035431638,0,0.035431638
IS30227,Zimbabwe,East Africa,0.338993317,0,0.338993317
IS30231,Zimbabwe,East Africa,0.338993317,0,0.338993317
IS30318,China,East Asia,0.322311383,0.249245781,0.571557164
IS30319,China,East Asia,0.209777675,0.249779324,0.459556999
IS30321,China,East Asia,0.233558518,0.241378339,0.474936857
IS30326,China,East Asia,0.267898034,0.240431151,0.508329185
IS30327,China,East Asia,0.187723318,0.242398703,0.430122021
IS30330,China,East Asia,0.196795524,0.242468944,0.439264468
IS30331,China,East Asia,0.173373631,0.241469097,0.414842728
IS30334,China,East Asia,0.187723318,0.242398703,0.430122021
IS30335,China,East Asia,0.147445614,0.242342896,0.38978851
IS30336,China,East Asia,0.209777675,0.249779324,0.459556999
IS30341,China,East Asia,0.196795524,0.242468944,0.439264468
IS30352,China,East Asia,0.322311383,0.249245781,0.571557164
IS30353,China,East Asia,0.211169955,0.242284205,0.45345416
IS30358,China,East Asia,0.244255511,0.239319985,0.483575496
IS30359,China,East Asia,0.42538639,0.245207342,0.670593732
IS30360,China,East Asia,0.234596472,0.239667904,0.474264376
IS30361,China,East Asia,0.347576991,0.242369689,0.58994668
IS30362,China,East Asia,0.244255511,0.239319985,0.483575496
IS30366,China,East Asia,0.210728045,0.24228421,0.453012255
IS30367,China,East Asia,0.211169955,0.242284205,0.45345416
IS30368,China,East Asia,0.209777675,0.249779324,0.459556999
IS30369,China,East Asia,0.322311383,0.249245781,0.571557164
IS30371,China,East Asia,0.196000772,0.240048575,0.436049347
IS30376,China,East Asia,0.25031309,0.242356838,0.492669928
IS30377,China,East Asia,0.233558518,0.241378339,0.474936857
IS30380,China,East Asia,0.209404155,0.242249036,0.451653191
IS30383,China,East Asia,0.244255511,0.239319985,0.483575496
IS30385,China,East Asia,0.322311383,0.249245781,0.571557164
IS30386,China,East Asia,0.352984628,0.242099548,0.595084176
IS30389,China,East Asia,0.211169955,0.242284205,0.45345416
IS30392,China,East Asia,0.232096681,0.240557945,0.472654626
IS30395,China,East Asia,0.341774348,0.242045333,0.583819682
IS30396,China,East Asia,0.233558518,0.241378339,0.474936857
IS30397,China,East Asia,0.223559671,0.237859394,0.461419065
IS30400,China,East Asia,0.341774348,0.242045333,0.583819682
IS30401,China,East Asia,0.314439098,0.242137288,0.556576386
IS30402,China,East Asia,0.255910986,0.241489828,0.497400814
IS30404,China,East Asia,0.25031309,0.242356838,0.492669928
IS30405,China,East Asia,0.25031309,0.242356838,0.492669928
IS30409,China,East Asia,0.255910986,0.241489828,0.497400814
IS30413,China,East Asia,0.211169955,0.242284205,0.45345416
IS30415,China,East Asia,0.234596472,0.239667904,0.474264376
IS30416,China,East Asia,0.229349347,0.239494316,0.468843663
IS30417,China,East Asia,0.364901482,0.242406419,0.607307902
IS30420,China,East Asia,0.233558518,0.241378339,0.474936857
IS30422,China,East Asia,0.264876384,0.237540304,0.502416688
IS30426,China,East Asia,0.244255511,0.239319985,0.483575496
IS30429,China,East Asia,0.147445614,0.242342896,0.38978851
IS30432,China,East Asia,0.147445614,0.242342896,0.38978851
IS30434,China,East Asia,0.187723318,0.242398703,0.430122021
IS30435,China,East Asia,0.187723318,0.242398703,0.430122021
IS30436,China,East Asia,0.187723318,0.242398703,0.430122021
IS30440,China,East Asia,0.214115288,0.242373102,0.45648839
IS30441,China,East Asia,0.214115288,0.242373102,0.45648839
IS30443,China,East Asia,0.210728045,0.24228421,0.453012255
IS30444,China,East Asia,0.094516831,0.255740813,0.350257644
IS30448,China,East Asia,0.223725906,0.242899165,0.466625071
IS30450,China,East Asia,0.16969886,0.237698628,0.407397489
IS30451,China,East Asia,0.211081976,0.238780441,0.449862417
IS30457,China,East Asia,0.209777675,0.249779324,0.459556999
IS30460,China,East Asia,0.341774348,0.242045333,0.583819682
IS30462,China,East Asia,0.233558518,0.241378339,0.474936857
IS30466,China,East Asia,0.352984628,0.242099548,0.595084176
IS30572,Cameroon,Central Africa,0.190778229,0,0.190778229
IS30604,Cameroon,Central Africa,0.098731487,0,0.098731487
IS30619,Cameroon,Central Africa,0.088492981,0,0.088492981
IS30635,Cameroon,Central Africa,0.09279581,0,0.09279581
IS30693,Cameroon,Central Africa,0.088492981,0,0.088492981
IS30706,Cameroon,Central Africa,0.098731487,0,0.098731487
IS30718,Cameroon,Central Africa,0.098731487,0,0.098731487
IS30729,Cameroon,Central Africa,0.146637676,0,0.146637676
IS30743,Cameroon,Central Africa,0.097694825,0,0.097694825
IS30747,Cameroon,Central Africa,0.146637676,0,0.146637676
IS30748,Cameroon,Central Africa,0.146637676,0,0.146637676
IS30838,Cameroon,Central Africa,0.261471585,0,0.261471585
IS30845,Cameroon,Central Africa,0.105153877,0,0.105153877
IS30847,Cameroon,Central Africa,0.192823125,0,0.192823125
IS30892,Uganda,East Africa,0.631359795,0,0.631359795
IS30941,Uganda,East Africa,0.59689653,0,0.59689653
IS30968,Uganda,East Africa,0.661389029,0,0.661389029
IS30982,Uganda,East Africa,0.62376822,0,0.62376822
IS30986,Uganda,East Africa,0.653919568,0,0.653919568
IS30998,Uganda,East Africa,0.602831993,0,0.602831993
IS31043,Uganda,East Africa,0.407638976,0,0.407638976
IS31056,Uganda,East Africa,0.579251253,0,0.579251253
IS31089,Uganda,East Africa,0.580132451,0,0.580132451
IS31094,Uganda,East Africa,0.580132451,0,0.580132451
IS31123,Uganda,East Africa,0.635493782,0,0.635493782
IS31147,Uganda,East Africa,0.635493782,0,0.635493782
IS31158,Uganda,East Africa,0.661389029,0,0.661389029
IS31159,Uganda,East Africa,0.661389029,0,0.661389029
IS31172,Uganda,East Africa,0.592250126,0,0.592250126
IS31175,Uganda,East Africa,0.5566262,0,0.5566262
IS31176,Uganda,East Africa,0.5566262,0,0.5566262
IS31179,Uganda,East Africa,0.5566262,0,0.5566262
IS31195,Uganda,East Africa,0.537279583,0,0.537279583
IS31202,Uganda,East Africa,0.496622833,0,0.496622833
IS31274,Uganda,East Africa,0.375252724,0,0.375252724
IS31275,Uganda,East Africa,0.425407284,0,0.425407284
IS31299,Uganda,East Africa,0.422674692,0,0.422674692
IS31302,Uganda,East Africa,0.422674692,0,0.422674692
IS31401,Uganda,East Africa,0.373165598,0,0.373165598
IS31411,Uganda,East Africa,0.357194359,0,0.357194359
IS31446,Uganda,East Africa,0.351122724,0,0.351122724
IS31485,South Sudan,East Africa,0.350598839,0,0.350598839
IS31489,South Sudan,East Africa,0.350598839,0,0.350598839
IS31494,Uganda,East Africa,0.347372992,0,0.347372992
IS31542,Burundi,East Africa,0.710640232,0,0.710640232
IS31557,Burundi,East Africa,0.467670542,0,0.467670542
IS31559,Burundi,East Africa,0.554257192,0,0.554257192
IS31706,Yemen,West Asia,0.253928412,0,0.253928412
IS31714,Yemen,West Asia,0.214118862,0,0.214118862
IS31789,Yemen,West Asia,0.109519239,0,0.109519239
IS31799,Yemen,West Asia,0.171295036,0,0.171295036
IS31807,Yemen,West Asia,0.197340506,0,0.197340506
IS31831,Yemen,West Asia,0.197340506,0,0.197340506
IS31839,Yemen,West Asia,0.197340506,0,0.197340506
IS31852,Yemen,West Asia,0.197340506,0,0.197340506
IS31861,Yemen,West Asia,0.215757326,0,0.215757326
IS31891,Yemen,West Asia,0.209365246,0,0.209365246
IS31915,Yemen,West Asia,0.215757326,0,0.215757326
IS31916,Yemen,West Asia,0.215757326,0,0.215757326
IS31985,Yemen,West Asia,0.207321732,0,0.207321732
IS32023,Yemen,West Asia,0.254604306,0,0.254604306
IS32050,Yemen,West Asia,0.254604306,0,0.254604306
IS32068,Yemen,West Asia,0.254604306,0,0.254604306
IS32070,Yemen,West Asia,0.280012651,0,0.280012651
IS32071,Yemen,West Asia,0.280012651,0,0.280012651
IS32087,Yemen,West Asia,0.197340506,0,0.197340506
IS32092,Yemen,West Asia,0.227150769,0,0.227150769
IS32097,Yemen,West Asia,0.237174427,0,0.237174427
IS32114,Yemen,West Asia,0.27198077,0,0.27198077
IS32155,Yemen,West Asia,0.246710541,0,0.246710541
IS32160,Yemen,West Asia,0.22199491,0,0.22199491
IS32174,Yemen,West Asia,0.175919791,0,0.175919791
IS32245,Yemen,West Asia,0.22294959,0,0.22294959
IS32339,India,South Asia,0.367466203,9.30775512522254e-07,0.367467134
IS32349,India,South Asia,0.368007959,9.30775512522254e-07,0.36800889
IS32359,India,South Asia,0.372065428,9.44987510484867e-07,0.372066373
IS32421,India,South Asia,0.434838433,9.30775512522254e-07,0.434839364
IS32430,India,South Asia,0.430645544,9.30775512522254e-07,0.430646475
IS32439,India,South Asia,0.441195776,9.30775512522254e-07,0.441196707
IS32454,India,South Asia,0.453772884,9.30775512522254e-07,0.453773815
IS32482,India,South Asia,0.354827067,9.30775512522254e-07,0.354827998
IS32487,India,South Asia,0.372578335,9.44987510484867e-07,0.37257928
IS32500,India,South Asia,0.371459369,9.44987510484867e-07,0.371460314
IS32502,India,South Asia,0.371459369,9.44987510484867e-07,0.371460314
IS32520,Somalia,East Africa,0.393596111,0,0.393596111
IS32535,Somalia,East Africa,0.393596111,0,0.393596111
IS32564,Somalia,East Africa,0.297415054,0,0.297415054
IS32569,Somalia,East Africa,0.197513809,0,0.197513809
IS32593,Somalia,East Africa,0.457495935,0,0.457495935
IS32633,Somalia,East Africa,0.445809929,0,0.445809929
IS32721,Somalia,East Africa,0.300380194,0,0.300380194
IS32727,Somalia,East Africa,0.300380194,0,0.300380194
IS32742,Somalia,East Africa,0.359264829,0,0.359264829
IS32751,Somalia,East Africa,0.359264829,0,0.359264829
IS32972,United Republic of Tanzania,East Africa,0.239161521,1.10788521157964e-05,0.2391726
IS32986,United Republic of Tanzania,East Africa,0.333068097,5.39196202987948e-06,0.333073489
IS33023,United Republic of Tanzania,East Africa,0.462234999,5.39196202987948e-06,0.462240391
IS33028,United Republic of Tanzania,East Africa,0.306896184,5.39196202987948e-06,0.306901576
IS33030,United Republic of Tanzania,East Africa,0.306896184,5.39196202987948e-06,0.306901576
IS33038,United Republic of Tanzania,East Africa,0.378536298,5.39196202987948e-06,0.37854169
IS33087,Mozambique,East Africa,0.506389397,0,0.506389397
IS33116,Cameroon,Central Africa,0.186279629,0,0.186279629
IS33173,Cameroon,Central Africa,0.093050756,0,0.093050756
IS33178,Cameroon,Central Africa,0.181488805,0,0.181488805
IS33209,Cameroon,Central Africa,0.105760114,0,0.105760114
IS33247,Cameroon,Central Africa,0.19959881,0,0.19959881
IS33261,Cameroon,Central Africa,0.189719137,0,0.189719137
IS33289,Cameroon,Central Africa,0.24772315,0,0.24772315
IS33301,Cameroon,Central Africa,0.212574583,0,0.212574583
IS33324,Cameroon,Central Africa,0.167205553,0,0.167205553
IS33328,Cameroon,Central Africa,0.167205553,0,0.167205553
IS3385,China,East Asia,0.437894001,0.24322148,0.681115481
IS3387,China,East Asia,0.437894001,0.24322148,0.681115481
IS3388,China,East Asia,0.437894001,0.24322148,0.681115481
IS3390,China,East Asia,0.437894001,0.24322148,0.681115481
IS3393,China,East Asia,0.437894001,0.24322148,0.681115481
IS3398,Botswana,South Africa,0.691585959,0,0.691585959
IS3402,Botswana,South Africa,0.691585959,0,0.691585959
IS3403,Botswana,South Africa,0.691585959,0,0.691585959
IS3404,Botswana,South Africa,0.691585959,0,0.691585959
IS3421,India,South Asia,0.436438824,9.44987510484867e-07,0.436439769
IS3437,South Africa,South Africa,0.672299293,0.032120931,0.704420224
IS3444,South Sudan,East Africa,0.596526207,0,0.596526207
IS3491,Sudan,East Africa,0.302382468,0,0.302382468
IS3497,Sudan,East Africa,0.528582114,0,0.528582114
IS3499,Sudan,East Africa,0.484260995,0,0.484260995
IS3501,Sudan,East Africa,0.482263053,0,0.482263053
IS3502,Sudan,East Africa,0.528582114,0,0.528582114
IS3507,Sudan,East Africa,0.528582114,0,0.528582114
IS3549,Sudan,East Africa,0.482263053,0,0.482263053
IS3573,Sudan,East Africa,0.528582114,0,0.528582114
IS3604,Sudan,East Africa,0.528582114,0,0.528582114
IS3627,Nigeria,West Africa,0.47271328,0,0.47271328
IS3670,United States of America,#N/A,0.275245604,0.074222773,0.349468377
IS3685,United States of America,#N/A,0.275245604,0.074222773,0.349468377
IS3762,Japan,East Asia,NA,NA,NA
IS3764,China,East Asia,0.414957869,0.234619636,0.649577505
IS3767,China,East Asia,0.180867586,0.25003023,0.430897816
IS3772,Republic of Korea,#N/A,0.52822872,0.061564195,0.589792915
IS3773,Republic of Korea,#N/A,0.527178929,0.061670697,0.588849626
IS3845,Mali,West Africa,0.432537788,0,0.432537788
IS3861,Mali,West Africa,0.432537788,0,0.432537788
IS3863,Mali,West Africa,0.432537788,0,0.432537788
IS3870,Mali,West Africa,0.432537788,0,0.432537788
IS3885,Mali,West Africa,0.432537788,0,0.432537788
IS3900,Mali,West Africa,0.432537788,0,0.432537788
IS3915,India,South Asia,0.407649928,9.30775512522254e-07,0.407650859
IS3971,India,South Asia,0.436438824,9.44987510484867e-07,0.436439769
IS4027,India,South Asia,0.23004185,8.85687808501519e-07,0.230042735
IS4035,India,South Asia,0.23004185,8.85687808501519e-07,0.230042735
IS4060,India,South Asia,0.268391963,8.85687808501519e-07,0.268392848
IS4088,India,South Asia,0.354323321,8.85687808501519e-07,0.354324206
IS4092,India,South Asia,0.284896769,8.85687808501519e-07,0.284897654
IS4112,India,South Asia,0.284896769,8.85687808501519e-07,0.284897654
IS4115,India,South Asia,0.284896769,8.85687808501519e-07,0.284897654
IS4140,India,South Asia,0.337247047,9.30775512522254e-07,0.337247978
IS4193,India,South Asia,0.332488792,9.30775512522254e-07,0.332489723
IS4215,India,South Asia,0.339627329,9.30775512522254e-07,0.33962826
IS4233,India,South Asia,0.420653767,9.44987510484867e-07,0.420654712
IS4240,India,South Asia,0.389872697,9.44987510484867e-07,0.389873642
IS4285,India,South Asia,0.435692968,9.30775512522254e-07,0.435693899
IS4297,India,South Asia,0.372174609,9.30775512522254e-07,0.37217554
IS4307,India,South Asia,0.282416629,9.30775512522254e-07,0.28241756
IS4343,India,South Asia,0.360972651,8.85687808501519e-07,0.360973537
IS4360,India,South Asia,0.375256455,8.85687808501519e-07,0.375257341
IS4368,India,South Asia,0.394047832,8.85687808501519e-07,0.394048717
IS4372,India,South Asia,0.362911341,9.30775512522254e-07,0.362912272
IS4415,India,South Asia,0.403657453,9.30775512522254e-07,0.403658383
IS4426,India,South Asia,0.382554965,9.30775512522254e-07,0.382555896
IS4434,India,South Asia,0.382554965,9.30775512522254e-07,0.382555896
IS4459,India,South Asia,0.360673467,9.30775512522254e-07,0.360674398
IS4496,India,South Asia,0.436438824,9.44987510484867e-07,0.436439769
IS4498,India,South Asia,0.436438824,9.44987510484867e-07,0.436439769
IS4515,India,South Asia,0.368499585,9.44987510484867e-07,0.36850053
IS4536,India,South Asia,0.16488407,7.64047119418754e-07,0.164884834
IS4579,India,South Asia,0.433557386,7.64047119418754e-07,0.43355815
IS4581,India,South Asia,0.404469141,9.44987510484867e-07,0.404470086
IS4585,India,South Asia,0.442587854,9.44987510484867e-07,0.442588798
IS4598,India,South Asia,0.442587854,9.44987510484867e-07,0.442588798
IS4613,India,South Asia,0.404469141,9.44987510484867e-07,0.404470086
IS4627,India,South Asia,0.404469141,9.44987510484867e-07,0.404470086
IS4631,India,South Asia,0.404469141,9.44987510484867e-07,0.404470086
IS4649,India,South Asia,0.353899511,9.44987510484867e-07,0.353900456
IS4684,India,South Asia,0.464368507,7.64047119418754e-07,0.464369271
IS4698,India,South Asia,0.451600556,9.44987510484867e-07,0.451601501
IS4717,India,South Asia,0.086244721,8.25642161430568e-07,0.086245546
IS4726,India,South Asia,0.178788843,9.44987510484867e-07,0.178789788
IS4815,India,South Asia,0.331559121,9.44987510484867e-07,0.331560066
IS4821,India,South Asia,0.341043733,9.44987510484867e-07,0.341044678
IS4828,India,South Asia,0.341043733,9.44987510484867e-07,0.341044678
IS4836,India,South Asia,0.350959112,9.44987510484867e-07,0.350960057
IS4849,India,South Asia,0.350959112,9.44987510484867e-07,0.350960057
IS4854,India,South Asia,0.350959112,9.44987510484867e-07,0.350960057
IS4911,India,South Asia,0.434677774,9.44987510484867e-07,0.434678719
IS4912,India,South Asia,0.434677774,9.44987510484867e-07,0.434678719
IS4917,India,South Asia,0.434677774,9.44987510484867e-07,0.434678719
IS4925,India,South Asia,0.434677774,9.44987510484867e-07,0.434678719
IS4949,India,South Asia,0.387109974,9.44987510484867e-07,0.387110919
IS4951,India,South Asia,0.387109974,9.44987510484867e-07,0.387110919
IS4964,India,South Asia,0.387109974,9.44987510484867e-07,0.387110919
IS4988,India,South Asia,0.337477734,9.44987510484867e-07,0.337478679
IS4989,India,South Asia,0.337477734,9.44987510484867e-07,0.337478679
IS5056,India,South Asia,0.429418627,9.44987510484867e-07,0.429419572
IS5061,India,South Asia,0.429418627,9.44987510484867e-07,0.429419572
IS5068,India,South Asia,0.250571722,8.32709720086271e-07,0.250572554
IS5074,India,South Asia,0.250571722,8.32709720086271e-07,0.250572554
IS5076,India,South Asia,0.250571722,8.32709720086271e-07,0.250572554
IS5090,India,South Asia,0.219446106,8.25642161430568e-07,0.219446932
IS5094,India,South Asia,0.219446106,8.25642161430568e-07,0.219446932
IS5114,India,South Asia,0.237141509,8.25642161430568e-07,0.237142335
IS5119,India,South Asia,0.259634182,8.25642161430568e-07,0.259635008
IS5188,India,South Asia,0.427095381,8.25642161430568e-07,0.427096206
IS5190,India,South Asia,0.427095381,8.25642161430568e-07,0.427096206
IS5196,India,South Asia,0.331834529,8.32709720086271e-07,0.331835362
IS5254,India,South Asia,0.44878029,9.44987510484867e-07,0.448781235
IS5260,India,South Asia,0.455090517,9.44987510484867e-07,0.455091462
IS5261,India,South Asia,0.455090517,9.44987510484867e-07,0.455091462
IS5295,India,South Asia,0.400077691,9.30775512522254e-07,0.400078621
IS5298,India,South Asia,0.352037528,8.32709720086271e-07,0.352038361
IS5301,India,South Asia,0.352037528,8.32709720086271e-07,0.352038361
IS5313,India,South Asia,0.372065428,9.44987510484867e-07,0.372066373
IS5318,India,South Asia,0.372065428,9.44987510484867e-07,0.372066373
IS5332,India,South Asia,0.342728207,7.64047119418754e-07,0.342728971
IS5345,India,South Asia,0.371854597,9.30775512522254e-07,0.371855528
IS5376,India,South Asia,0.166108941,8.25642161430568e-07,0.166109767
IS5386,India,South Asia,0.166108941,8.25642161430568e-07,0.166109767
IS5412,India,South Asia,0.196122878,8.25642161430568e-07,0.196123703
IS5430,India,South Asia,0.20671037,8.23408322202033e-07,0.206711194
IS5431,India,South Asia,0.20671037,8.23408322202033e-07,0.206711194
IS5434,India,South Asia,0.228848388,8.23408322202033e-07,0.228849211
IS5446,India,South Asia,0.228848388,8.23408322202033e-07,0.228849211
IS5497,India,South Asia,0.217379107,8.32709720086271e-07,0.21737994
IS5499,India,South Asia,0.211659291,9.44987510484867e-07,0.211660236
IS5517,India,South Asia,0.275056166,7.64047119418754e-07,0.27505693
IS5529,India,South Asia,0.244970551,8.32709720086271e-07,0.244971384
IS5539,India,South Asia,0.235559546,8.25642161430568e-07,0.235560372
IS5594,India,South Asia,0.401877763,7.64047119418754e-07,0.401878527
IS5649,India,South Asia,0.284316501,7.64047119418754e-07,0.284317265
IS5667,India,South Asia,0.284316501,7.64047119418754e-07,0.284317265
IS5675,India,South Asia,0.342170749,9.44987510484867e-07,0.342171694
IS5677,India,South Asia,0.342170749,9.44987510484867e-07,0.342171694
IS5712,India,South Asia,0.393548442,9.30775512522254e-07,0.393549372
IS5720,India,South Asia,0.454083926,9.30775512522254e-07,0.454084856
IS5730,India,South Asia,0.393934921,9.30775512522254e-07,0.393935852
IS5733,India,South Asia,0.393934921,9.30775512522254e-07,0.393935852
IS5760,India,South Asia,0.409336628,9.30775512522254e-07,0.409337559
IS5763,India,South Asia,0.391403595,9.30775512522254e-07,0.391404526
IS5766,India,South Asia,0.391403595,9.30775512522254e-07,0.391404526
IS5792,India,South Asia,0.393122882,9.30775512522254e-07,0.393123813
IS5797,India,South Asia,0.393122882,9.30775512522254e-07,0.393123813
IS5815,India,South Asia,0.388793587,8.85687808501519e-07,0.388794473
IS5817,India,South Asia,0.391692313,9.30775512522254e-07,0.391693244
IS5831,India,South Asia,0.418234909,9.30775512522254e-07,0.418235839
IS5841,India,South Asia,0.405175563,9.30775512522254e-07,0.405176493
IS5851,India,South Asia,0.437735687,9.44987510484867e-07,0.437736632
IS5852,India,South Asia,0.437735687,9.44987510484867e-07,0.437736632
IS5858,India,South Asia,0.415000492,9.30775512522254e-07,0.415001423
IS5865,India,South Asia,0.404041432,9.30775512522254e-07,0.404042363
IS5867,India,South Asia,0.404041432,9.30775512522254e-07,0.404042363
IS5919,India,South Asia,0.394839895,8.85687808501519e-07,0.39484078
IS5921,India,South Asia,0.394839895,8.85687808501519e-07,0.39484078
IS5938,India,South Asia,0.411025626,8.85687808501519e-07,0.411026512
IS5972,India,South Asia,0.384793003,8.85687808501519e-07,0.384793889
IS5999,India,South Asia,0.402801053,8.85687808501519e-07,0.402801939
IS6015,India,South Asia,0.257525433,8.85578051124421e-07,0.257526319
IS6018,India,South Asia,0.257525433,8.85578051124421e-07,0.257526319
IS6023,India,South Asia,0.257525433,8.85578051124421e-07,0.257526319
IS6045,India,South Asia,0.30158934,8.85687808501519e-07,0.301590226
IS6081,India,South Asia,0.409804697,9.30775512522254e-07,0.409805627
IS6108,India,South Asia,0.380049866,8.85687808501519e-07,0.380050751
IS6113,India,South Asia,0.346464803,8.85687808501519e-07,0.346465689
IS6116,India,South Asia,0.424364356,8.85687808501519e-07,0.424365242
IS6118,India,South Asia,0.358179713,8.85687808501519e-07,0.358180599
IS6120,India,South Asia,0.358179713,8.85687808501519e-07,0.358180599
IS6145,India,South Asia,0.39343053,8.85687808501519e-07,0.393431416
IS6154,India,South Asia,0.459025712,9.30775512522254e-07,0.459026643
IS6158,India,South Asia,0.457535909,8.85687808501519e-07,0.457536794
IS6166,India,South Asia,0.403778108,8.85687808501519e-07,0.403778993
IS6177,India,South Asia,0.424364356,8.85687808501519e-07,0.424365242
IS6179,India,South Asia,0.361382665,8.85687808501519e-07,0.36138355
IS6193,India,South Asia,0.361382665,8.85687808501519e-07,0.36138355
IS6194,India,South Asia,0.361382665,8.85687808501519e-07,0.36138355
IS6240,India,South Asia,0.395251559,9.44987510484867e-07,0.395252504
IS6275,India,South Asia,0.30158934,8.85687808501519e-07,0.301590226
IS6279,India,South Asia,0.30158934,8.85687808501519e-07,0.301590226
IS6290,India,South Asia,0.231331537,8.85687808501519e-07,0.231332423
IS6350,India,South Asia,0.284316501,7.64047119418754e-07,0.284317265
IS6351,India,South Asia,0.284316501,7.64047119418754e-07,0.284317265
IS6354,India,South Asia,0.284316501,7.64047119418754e-07,0.284317265
IS6371,India,South Asia,0.284316501,7.64047119418754e-07,0.284317265
IS6377,India,South Asia,0.284316501,7.64047119418754e-07,0.284317265
IS6398,India,South Asia,0.464368507,7.64047119418754e-07,0.464369271
IS6403,India,South Asia,0.464368507,7.64047119418754e-07,0.464369271
IS6413,India,South Asia,0.464368507,7.64047119418754e-07,0.464369271
IS6414,India,South Asia,0.451600556,9.44987510484867e-07,0.451601501
IS6421,India,South Asia,0.451600556,9.44987510484867e-07,0.451601501
IS6434,India,South Asia,0.451600556,9.44987510484867e-07,0.451601501
IS6718,Burkina Faso,West Africa,0.459176192,0,0.459176192
IS6727,Burkina Faso,West Africa,0.459176192,0,0.459176192
IS6733,Burkina Faso,West Africa,0.459176192,0,0.459176192
IS6896,Sudan,East Africa,0.552344673,0,0.552344673
IS6945,Sudan,East Africa,0.484260995,0,0.484260995
IS6952,Sudan,East Africa,0.484260995,0,0.484260995
IS6957,Sudan,East Africa,0.340375416,0,0.340375416
IS6977,Sudan,East Africa,0.302382468,0,0.302382468
IS6981,Sudan,East Africa,0.3945549,0,0.3945549
IS7010,Sudan,East Africa,0.484260995,0,0.484260995
IS7021,Sudan,East Africa,0.482263053,0,0.482263053
IS723,United States of America,#N/A,0.25135729,0.066100781,0.317458072
IS7269,Nigeria,West Africa,0.46712572,0,0.46712572
IS7277,Nigeria,West Africa,0.336458198,0,0.336458198
IS7285,Nigeria,West Africa,0.459589176,0,0.459589176
IS7287,Nigeria,West Africa,0.437423702,0,0.437423702
IS7288,Nigeria,West Africa,0.437423702,0,0.437423702
IS7305,Nigeria,West Africa,0.410033101,0,0.410033101
IS7310,Nigeria,West Africa,0.464410289,0,0.464410289
IS7314,Nigeria,West Africa,0.381174886,0,0.381174886
IS7349,Nigeria,West Africa,0.381174886,0,0.381174886
IS7381,Nigeria,West Africa,0.444334212,0,0.444334212
IS7389,Nigeria,West Africa,0.434302642,0,0.434302642
IS7390,Nigeria,West Africa,0.454588715,0,0.454588715
IS7405,Nigeria,West Africa,0.468314835,0,0.468314835
IS7429,Nigeria,West Africa,0.379432456,0,0.379432456
IS7451,Nigeria,West Africa,0.469893979,0,0.469893979
IS7455,Nigeria,West Africa,0.436191594,0,0.436191594
IS7500,Nigeria,West Africa,0.440590288,0,0.440590288
IS7501,Nigeria,West Africa,0.449949356,0,0.449949356
IS7541,Nigeria,West Africa,0.437223726,0,0.437223726
IS7579,Nigeria,West Africa,0.430243165,0,0.430243165
IS7596,Nigeria,West Africa,0.418075522,0,0.418075522
IS7616,Nigeria,West Africa,0.449918434,0,0.449918434
IS7617,Nigeria,West Africa,0.45744206,0,0.45744206
IS7620,Nigeria,West Africa,0.45744206,0,0.45744206
IS7637,Nigeria,West Africa,0.45538655,0,0.45538655
IS7651,Nigeria,West Africa,0.447938555,0,0.447938555
IS7652,Nigeria,West Africa,0.447938555,0,0.447938555
IS7671,Nigeria,West Africa,0.361605055,0,0.361605055
IS7679,Nigeria,West Africa,0.441475895,0,0.441475895
IS7709,Nigeria,West Africa,0.505856549,0,0.505856549
IS7728,Nigeria,West Africa,0.47171832,0,0.47171832
IS7730,Nigeria,West Africa,0.482444178,0,0.482444178
IS7745,Nigeria,West Africa,0.28610269,0,0.28610269
IS7752,Nigeria,West Africa,0.420850008,0,0.420850008
IS7766,Nigeria,West Africa,0.465237566,0,0.465237566
IS7783,Nigeria,West Africa,0.46949271,0,0.46949271
IS7798,Nigeria,West Africa,0.395887637,0,0.395887637
IS7802,Nigeria,West Africa,0.510037614,0,0.510037614
IS7804,Nigeria,West Africa,0.402807086,0,0.402807086
IS7807,Nigeria,West Africa,0.477720998,0,0.477720998
IS7858,Nigeria,West Africa,0.403599197,0,0.403599197
IS7861,Nigeria,West Africa,0.342819344,0,0.342819344
IS7863,Nigeria,West Africa,0.255793993,0,0.255793993
IS7889,Nigeria,West Africa,0.457994753,0,0.457994753
IS7921,Nigeria,West Africa,0.436949794,0,0.436949794
IS7957,Nigeria,West Africa,0.458407991,0,0.458407991
IS7961,Nigeria,West Africa,0.458456426,0,0.458456426
IS7964,Nigeria,West Africa,0.431984283,0,0.431984283
IS7985,Nigeria,West Africa,0.458456426,0,0.458456426
IS7987,Nigeria,West Africa,0.458456426,0,0.458456426
IS7989,Nigeria,West Africa,0.363900417,0,0.363900417
IS7998,Nigeria,West Africa,0.417048484,0,0.417048484
IS8348,Pakistan,South Asia,0.167898794,0.001487819,0.169386613
IS8610,Uganda,East Africa,0.470811569,0,0.470811569
IS8618,Liberia,#N/A,0.719643787,0,0.719643787
IS8624,Liberia,#N/A,0.719643787,0,0.719643787
IS8777,Uganda,East Africa,0.603853036,0,0.603853036
IS8814,Uganda,East Africa,0.207255122,0,0.207255122
IS8829,Kenya,East Africa,0.249313289,0,0.249313289
IS8886,Uganda,East Africa,0.532417722,0,0.532417722
IS8911,Uganda,East Africa,0.493660933,0,0.493660933
IS8915,Uganda,East Africa,0.493660933,0,0.493660933
IS8916,Uganda,East Africa,0.493660933,0,0.493660933
IS8935,Kenya,East Africa,0.246113031,0,0.246113031
IS8970,Kenya,East Africa,0.246113031,0,0.246113031
IS8976,Kenya,East Africa,0.246113031,0,0.246113031
IS9011,Kenya,East Africa,0.246113031,0,0.246113031
IS9034,Kenya,East Africa,0.246113031,0,0.246113031
IS9046,Kenya,East Africa,0.246113031,0,0.246113031
IS9047,Kenya,East Africa,0.246113031,0,0.246113031
IS9108,Kenya,East Africa,0.246113031,0,0.246113031
IS9113,Kenya,East Africa,0.246113031,0,0.246113031
IS9162,Kenya,East Africa,0.199444507,0,0.199444507
IS9168,Kenya,East Africa,0.205079481,0,0.205079481
IS9207,Kenya,East Africa,0.244398913,0,0.244398913
IS9524,South Africa,South Africa,0.672299293,0.032120931,0.704420224
IS9644,Sudan,East Africa,0.563817622,0,0.563817622
IS9701,Sudan,East Africa,0.484260995,0,0.484260995
IS9713,Sudan,East Africa,0.566438085,0,0.566438085
IS9745,Sudan,East Africa,0.519572955,0,0.519572955
IS9775,South Sudan,East Africa,0.596526207,0,0.596526207
IS9842,Sudan,East Africa,0.563817622,0,0.563817622
IS9883,Sudan,East Africa,0.563817622,0,0.563817622
IS9912,Sudan,East Africa,0.484260995,0,0.484260995
NA,NA,#N/A,NA,NA,NA
